obs_id,species,stage,character,state,source
,Marrus orthocanna,adult,Stem contractility,Contractile,Andersen1981_Morthocanna
,Marrus orthocanna,adult,Basigaster color,Dark brown,Andersen1981_Morthocanna
,Marrus orthocanna,adult,Gastrozooid color,Yellow,Andersen1981_Morthocanna
,Marrus orthocanna,adult,Gut contents,Copepod,Andersen1981_Morthocanna
,Marrus orthocanna,adult,Copepod diet,1,Andersen1981_Morthocanna
,Marrus orthocanna,adult,Tentacle annulation,Weak,Andersen1981_Morthocanna
,Marrus orthocanna,adult,Cnidoband  shape,Loosely coiled,Andersen1981_Morthocanna
,Marrus orthocanna,adult,Terminal filament,1,Andersen1981_Morthocanna
,Marrus orthocanna,adult,Involucrum,0,Andersen1981_Morthocanna
,Physalia physalis,adult,Fish diet,1,Bardi2007_Physalia
,Physalia physalis,adult,Cephalopod diet,1,Bardi2007_Physalia
,Physalia physalis,adult,Haploneme type,Isorhizas,Bardi2007_Physalia
,Physalia physalis,adult,Heteroneme type,Stenoteles,Bardi2007_Physalia
,Physalia physalis,adult,Haploneme shape,Spherical,Bardi2007_Physalia
,Physalia physalis,adult,Haploneme shape,Oval,Bardi2007_Physalia
,Physalia physalis,adult,Heteroneme shape,Oval,Bardi2007_Physalia
,Physalia physalis,adult,Tentilla,0,Bardi2007_Physalia
,Physalia physalis,adult,Side branches,0,Bardi2007_Physalia
,Rhizophysa filiformis,adult,Gut contents,Alcyopids,Biggs1977
,Agalma okeni,adult,Amphipod diet,1,Biggs1977
,Agalma elegans,adult,Amphipod diet,1,Biggs1977
,Athorybia rosacea,adult,Decapod diet,1,Biggs1977
,Athorybia rosacea,adult,Amphipod diet,1,Biggs1977
,Athorybia rosacea,adult,Gut contents,Amphipod,Biggs1977
,Athorybia rosacea,adult,Gut contents,Decapod shrimps,Biggs1977
,Agalma okeni,adult,Fishing posture,Chandelier,Biggs1977b_Feeding
,Agalma elegans,adult,Fishing posture,Curtain,Biggs1977b_Feeding
,Rosacea cymbiformis,adult,Fishing posture,Curtain,Biggs1977b_Feeding
,Stephanophyes superba,adult,Fishing posture,Curtain,Biggs1977b_Feeding
,Athorybia rosacea,adult,Fishing posture,Chandelier,Biggs1977b_Feeding
,Physophora hydrostatica,adult,Fishing posture,Chandelier,Biggs1977b_Feeding
,Physalia physalis,adult,Fishing posture,Chandelier,Biggs1977b_Feeding
,Rhizophysa filiformis,adult,Fishing posture,Chandelier,Biggs1977b_Feeding
,Bathyphysa sibogae,adult,Fishing posture,Chandelier,Biggs1977b_Feeding
,Sulculeolaria monoica,adult,Fishing posture,Veronica,Biggs1977b_Feeding
,Sulculeolaria quadrivalvis,adult,Fishing posture,Veronica,Biggs1977b_Feeding
,Muggiaea atlantica,adult,Fishing posture,Veronica,Biggs1977b_Feeding
,Forskalia edwardsi,adult,Fishing posture,Spiral,Biggs1977b_Feeding
,Forskalia tholoides,adult,Fishing posture,Spiral,Biggs1977b_Feeding
,Rosacea cymbiformis,adult,Gut contents,Corycaeus sp.,Biggs1977b_Feeding
,Rosacea cymbiformis,adult,Gut contents,Candacia sp.,Biggs1977b_Feeding
,Rosacea cymbiformis,adult,Gut contents,Gastropod velliger,Biggs1977b_Feeding
,Sulculeolaria monoica,adult,Gut contents,Candacia sp.,Biggs1977b_Feeding
,Stephanophyes superba,adult,Gut contents,Candacia sp.,Biggs1977b_Feeding
,Stephanophyes superba,adult,Gut contents,Euphausiacea,Biggs1977b_Feeding
,Nanomia bijuga,adult,Gut contents,Mysida,Biggs1977b_Feeding
,Forskalia edwardsi,adult,Gut contents,Stomatopoda zoea,Biggs1977b_Feeding
,Forskalia tholoides,adult,Gut contents,Fish larvae,Biggs1977b_Feeding
,Forskalia tholoides,adult,Gut contents,Anchylomera blossevillei,Biggs1977b_Feeding
,Forskalia tholoides,adult,Gut contents,Hemityphis rapax,Biggs1977b_Feeding
,Forskalia tholoides,adult,Gut contents,Polychaeta,Biggs1977b_Feeding
,Forskalia tholoides,adult,Gut contents,Atlantidae,Biggs1977b_Feeding
,Agalma okeni,adult,Hosting,Parathemisto sp.,Biggs1977b_Feeding
,Agalma elegans,adult,Gut contents,Crab megalopa,Biggs1977b_Feeding
,Athorybia rosacea,adult,Gut contents,Fish larvae,Biggs1977b_Feeding
,Athorybia rosacea,adult,Gut contents,Lucifer typus,Biggs1977b_Feeding
,Athorybia rosacea,adult,Hosting,Hyperiid amphipods,Biggs1977b_Feeding
,Athorybia rosacea,adult,Gut contents,Candacia sp.,Biggs1977b_Feeding
,Athorybia rosacea,adult,Gut contents,Corycaeus sp.,Biggs1977b_Feeding
,Athorybia rosacea,adult,Gut contents,Polychaeta,Biggs1977b_Feeding
,Rhizophysa filiformis,adult,Gut contents,Alcyopids,Biggs1977b_Feeding
,Rhizophysa filiformis,adult,Gut contents,Fish larvae,Biggs1977b_Feeding
,Rosacea cymbiformis,adult,Copepod diet,1,Biggs1977b_Feeding
,Sulculeolaria monoica,adult,Copepod diet,1,Biggs1977b_Feeding
,Stephanophyes superba,adult,Copepod diet,1,Biggs1977b_Feeding
,Forskalia tholoides,adult,Copepod diet,1,Biggs1977b_Feeding
,Athorybia rosacea,adult,Copepod diet,1,Biggs1977b_Feeding
,Forskalia tholoides,adult,Fish diet,1,Biggs1977b_Feeding
,Athorybia rosacea,adult,Fish diet,1,Biggs1977b_Feeding
,Rhizophysa filiformis,adult,Fish diet,1,Biggs1977b_Feeding
,Forskalia tholoides,adult,Amphipod diet,1,Biggs1977b_Feeding
,Agalma okeni,adult,Amphipod diet,1,Biggs1977b_Feeding
,Athorybia rosacea,adult,Amphipod diet,1,Biggs1977b_Feeding
,Stephanophyes superba,adult,Krill diet,1,Biggs1977b_Feeding
,Forskalia tholoides,adult,Polychaete diet,1,Biggs1977b_Feeding
,Athorybia rosacea,adult,Polychaete diet,1,Biggs1977b_Feeding
,Rhizophysa filiformis,adult,Polychaete diet,1,Biggs1977b_Feeding
,Rosacea cymbiformis,adult,Mollusc diet,1,Biggs1977b_Feeding
,Forskalia tholoides,adult,Mollusc diet,1,Biggs1977b_Feeding
,Agalma elegans,adult,Decapod diet,1,Biggs1977b_Feeding
,Athorybia rosacea,adult,Decapod diet,1,Biggs1977b_Feeding
,Rosacea cymbiformis,adult,Crustacean diet,1,Biggs1977b_Feeding
,Sulculeolaria monoica,adult,Crustacean diet,1,Biggs1977b_Feeding
,Stephanophyes superba,adult,Crustacean diet,1,Biggs1977b_Feeding
,Nanomia bijuga,adult,Crustacean diet,1,Biggs1977b_Feeding
,Forskalia edwardsi,adult,Crustacean diet,1,Biggs1977b_Feeding
,Forskalia tholoides,adult,Crustacean diet,1,Biggs1977b_Feeding
,Agalma elegans,adult,Crustacean diet,1,Biggs1977b_Feeding
,Agalma okeni,adult,Crustacean diet,1,Biggs1977b_Feeding
,Athorybia rosacea,adult,Crustacean diet,1,Biggs1977b_Feeding
,Rhizophysa filiformis,adult,Crustacean diet,0,Biggs1977b_Feeding
,Agalma okeni,adult,Diel feeding,Nocturnal,Biggs1977b_Feeding
,Bathyphysa sibogae,adult,Crustacean diet,0,Biggs1977b_Feeding
,Bathyphysa sibogae,adult,Copepod diet,0,Biggs1977b_Feeding
,Agalma okeni,adult,Gut contents,Amphipod,Biggs1978
,Rosacea flaccida,adult,Stem contractility,Contractile,Biggs1978b_Rflaccida
,Rosacea flaccida,adult,Cnidoband color,Bright yellow,Biggs1978b_Rflaccida
,Rosacea flaccida,adult,Heteroneme type,Microbasic mastigophores,Biggs1978b_Rflaccida
,Rosacea flaccida,adult,Haploneme type,Anisorhizas,Biggs1978b_Rflaccida
,Rosacea flaccida,adult,Heteroneme shape,Elongate,Biggs1978b_Rflaccida
,Rosacea flaccida,adult,Haploneme shape,Elongate,Biggs1978b_Rflaccida
,Rosacea flaccida,adult,Desmoneme shape,Ovoid,Biggs1978b_Rflaccida
,Rosacea flaccida,adult,Rhopaloneme shape,Elongate,Biggs1978b_Rflaccida
,Rosacea flaccida,adult,Terminal filament nematocyst arrangement,1Desmonemes,1Rhopalonemes,Biggs1978b_Rflaccida
,Rosacea flaccida,adult,Terminal filament,1,Biggs1978b_Rflaccida
,Rosacea flaccida,adult,Cnidoband shape,C,Biggs1978b_Rflaccida
,Rosacea cymbiformis,adult,Heteroneme type,Microbasic mastigophores,Biggs1978b_Rflaccida
,Rosacea plicata,adult,Heteroneme type,Microbasic mastigophores,Biggs1978b_Rflaccida
,Desmophyes villafrancae,adult,Heteroneme type,Microbasic euryteles,Biggs1978b_Rflaccida
,Desmophyes annectens,adult,Heteroneme type,Microbasic mastigophores,Biggs1978b_Rflaccida
,Rosacea cymbiformis,adult,Heteroneme shape,Elongate,Biggs1978b_Rflaccida
,Rosacea plicata,adult,Heteroneme shape,Elongate,Biggs1978b_Rflaccida
,Desmophyes villafrancae,adult,Heteroneme shape,Elongate,Biggs1978b_Rflaccida
,Desmophyes annectens,adult,Heteroneme shape,Elongate,Biggs1978b_Rflaccida
,Rosacea cymbiformis,adult,Haploneme type,Anisorhizas,Biggs1978b_Rflaccida
,Rosacea plicata,adult,Haploneme type,Anisorhizas,Biggs1978b_Rflaccida
,Desmophyes villafrancae,adult,Haploneme type,Anisorhizas,Biggs1978b_Rflaccida
,Desmophyes annectens,adult,Haploneme type,Anisorhizas,Biggs1978b_Rflaccida
,Rosacea cymbiformis,adult,Haploneme shape,Elongate,Biggs1978b_Rflaccida
,Rosacea plicata,adult,Haploneme shape,Elongate,Biggs1978b_Rflaccida
,Rosacea cymbiformis,adult,Desmoneme shape,Ovoid,Biggs1978b_Rflaccida
,Rosacea plicata,adult,Desmoneme shape,Ovoid,Biggs1978b_Rflaccida
,Desmophyes villafrancae,adult,Desmoneme shape,Ovoid,Biggs1978b_Rflaccida
,Desmophyes annectens,adult,Desmoneme shape,Ovoid,Biggs1978b_Rflaccida
,Rosacea plicata,adult,Desmoneme shape,Spherical,Biggs1978b_Rflaccida
,Rosacea cymbiformis,adult,Rhopaloneme shape,Elongate,Biggs1978b_Rflaccida
,Rosacea plicata,adult,Rhopaloneme shape,Elongate,Biggs1978b_Rflaccida
,Desmophyes villafrancae,adult,Rhopaloneme shape,Elongate,Biggs1978b_Rflaccida
,Desmophyes annectens,adult,Rhopaloneme shape,Elongate,Biggs1978b_Rflaccida
,Rosacea cymbiformis,adult,Terminal filament,1,Biggs1978b_Rflaccida
,Rosacea plicata,adult,Terminal filament,1,Biggs1978b_Rflaccida
,Desmophyes villafrancae,adult,Terminal filament,1,Biggs1978b_Rflaccida
,Desmophyes annectens,adult,Terminal filament,1,Biggs1978b_Rflaccida
,Rosacea flaccida,adult,Heteroneme position,Proximal,Biggs1978b_Rflaccida
,Rosacea cymbiformis,adult,Heteroneme position,Proximal,Biggs1978b_Rflaccida
,Rosacea plicata,adult,Heteroneme position,Proximal,Biggs1978b_Rflaccida
,Desmophyes villafrancae,adult,Heteroneme position,Proximal,Biggs1978b_Rflaccida
,Desmophyes annectens,adult,Heteroneme position,Proximal,Biggs1978b_Rflaccida
,Rosacea flaccida,adult,Fishing posture,Curtain,Biggs1978b_Rflaccida
,Athorybia lucida,adult,Involucrum,1,Biggs1978c_Athorybia
,Athorybia lucida,adult,Involucrum enclosing,0,Biggs1978c_Athorybia
,Athorybia lucida,adult,Cnidoband shape,Zigzag,Biggs1978c_Athorybia
,Athorybia lucida,adult,Heteroneme position,Lateral,Biggs1978c_Athorybia
,Athorybia lucida,adult,Ventral cnidoband pigment spot,1,Biggs1978c_Athorybia
,Athorybia lucida,adult,Central ampulla,0,Biggs1978c_Athorybia
,Athorybia lucida,adult,Involucral dendritic projections,1,Biggs1978c_Athorybia
,Athorybia lucida,adult,Fused terminal filaments,1,Biggs1978c_Athorybia
,Athorybia lucida,adult,Cnidoband pigment spot color,Red-orange,Biggs1978c_Athorybia
,Cordagalma ordinatum,adult,Haploneme type,Isorhizas,Carre1968
,Cordagalma ordinatum,adult,Gastrozooid color,Colorless,Carre1968_Ccordiformis
,Cordagalma ordinatum,adult,Cnidoband shape,Microovoid,Carre1968_Ccordiformis
,Cordagalma ordinatum,adult,Encapsulated cnidoband,1,Carre1968_Ccordiformis
,Cordagalma ordinatum,adult,Heteroneme type,Stenoteles,Carre1968_Ccordiformis
,Cordagalma ordinatum,adult,Heteroneme position,Proximal,Carre1968_Ccordiformis
,Cordagalma ordinatum,adult,Haploneme type,Anisorhizas,Carre1968_Ccordiformis
,Cordagalma ordinatum,adult,Haploneme type,Isorhizas,Carre1968_Ccordiformis
,Cordagalma ordinatum,adult,Proximal haploneme type,Anisorhizas,Carre1968_Ccordiformis
,Cordagalma ordinatum,adult,Distal haploneme type,Isorhizas,Carre1968_Ccordiformis
,Cordagalma ordinatum,adult,Heteroneme shape,Oval,Carre1968_Ccordiformis
,Cordagalma ordinatum,adult,Haploneme shape,Elongate,Carre1968_Ccordiformis
,Cordagalma ordinatum,adult,Haploneme shape,Oval,Carre1968_Ccordiformis
,Cordagalma ordinatum,adult,Proximal haploneme shape,Elongate,Carre1968_Ccordiformis
,Cordagalma ordinatum,adult,Distal haploneme shape,Oval,Carre1968_Ccordiformis
,Cordagalma ordinatum,adult,Terminal filament,0,Carre1968_Ccordiformis
,Lilyopsis medusa,adult,Haploneme type,Anisorhizas,Carre1969a_Lrosea
,Lilyopsis medusa,adult,Heteroneme type,Microbasic mastigophores,Carre1969a_Lrosea
,Lilyopsis medusa,adult,Rhopaloneme type,Anacrophores,Carre1969a_Lrosea
,Lilyopsis medusa,adult,Cnidoband shape,C,Carre1969a_Lrosea
,Lilyopsis medusa,adult,Terminal filament,1,Carre1969a_Lrosea
,Lilyopsis medusa,adult,Desmonemes in the cnidoband,1,Carre1969a_Lrosea
,Lilyopsis medusa,adult,Cnidoband desmoneme position,Terminal,Carre1969a_Lrosea
,Lilyopsis medusa,adult,Heteroneme shape,Elongate,Carre1969a_Lrosea
,Lilyopsis medusa,adult,Haploneme shape,Elongate,Carre1969a_Lrosea
,Lilyopsis medusa,adult,Desmoneme shape,Ovoid,Carre1969a_Lrosea
,Lilyopsis medusa,adult,Rhopaloneme shape,Elongate,Carre1969a_Lrosea
,Lilyopsis medusa,adult,Haploneme shape,Banana,Carre1969a_Lrosea
,Prayola tottoni,adult,Heteroneme type,Stenoteles,Carre1969c_Ptottoni
,Prayola tottoni,adult,Cnidoband color,Yellow,Carre1969c_Ptottoni
,Prayola tottoni,adult,Terminal filament,1,Carre1969c_Ptottoni
,Prayola tottoni,adult,Cnidoband shape,C,Carre1969c_Ptottoni
,Prayola tottoni,adult,Heteroneme position,Lateral proximal,Carre1969c_Ptottoni
,Prayola tottoni,adult,Terminal filament nematocyst arrangement,1Desmonemes,2Rhopalonemes,Carre1969c_Ptottoni
,Prayola tottoni,adult,Desmonemes in the cnidoband,1,Carre1969c_Ptottoni
,Prayola tottoni,adult,Desmoneme shape,Pear,Carre1969c_Ptottoni
,Prayola tottoni,adult,Gastrozooid color,Yellow,Carre1969c_Ptottoni
,Prayola tottoni,adult,Heteroneme shape,Oval,Carre1969c_Ptottoni
,Prayola tottoni,adult,Rhopaloneme shape,Banana,Carre1969c_Ptottoni
,Prayola tottoni,adult,Haploneme shape,Banana,Carre1969c_Ptottoni
,Prayola tottoni,adult,Cnidoband desmoneme position,Terminal,Carre1969c_Ptottoni
,Desmophyes villafrancae,adult,Heteroneme type,Microbasic euryteles,Carre1969d_Rvillafrancae
,Desmophyes villafrancae,adult,Cnidoband shape,C,Carre1969d_Rvillafrancae
,Desmophyes villafrancae,adult,Rhopaloneme type,Anacrophore,Carre1969d_Rvillafrancae
,Desmophyes villafrancae,adult,Cnidoband color,Pink,Carre1969d_Rvillafrancae
,Desmophyes villafrancae,adult,Heteroneme position,Lateral proximal,Carre1969d_Rvillafrancae
,Desmophyes villafrancae,adult,Haploneme type,Anisorhizas,Carre1969d_Rvillafrancae
,Desmophyes villafrancae,adult,Terminal filament,1,Carre1969d_Rvillafrancae
,Desmophyes villafrancae,adult,Cnidoband color,Pink,Carre1969d_Rvillafrancae
,Desmophyes villafrancae,adult,Desmonemes in the cnidoband,1,Carre1969d_Rvillafrancae
,Desmophyes villafrancae,adult,Cnidoband desmonemes position,Terminal,Carre1969d_Rvillafrancae
,Desmophyes villafrancae,adult,Terminal filament nematocyst arrangement,1Desmonemes,2Rhopalonemes,Carre1969d_Rvillafrancae
,Desmophyes villafrancae,adult,Rhopaloneme shape,Elongate,Carre1969d_Rvillafrancae
,Desmophyes villafrancae,adult,Desmoneme shape,Pear,Carre1969d_Rvillafrancae
,Desmophyes villafrancae,adult,Haploneme shape,Banana,Carre1969d_Rvillafrancae
,Desmophyes villafrancae,adult,Heteroneme shape,Elongate,Carre1969d_Rvillafrancae
,Apolemia uvaria,adult,Heteroneme type,Macrobirhopaloids,Carre1973a
,Apolemia uvaria,adult,Heteroneme type,Microbirhopaloids,Carre1973a
,Forskalia edwardsi,adult,Haploneme type,Atrichous(?) isorhizas,ClaudeCarre_pers_Comm
,Sphaeronectes koellikeri,adult,Terminal filament,1,Claus1874
,Sphaeronectes irregularis,adult,Heteroneme type,Microbasic mastigophores,Claus1874
,Sphaeronectes koellikeri,adult,Desmoneme shape,Pear,Claus1874
,Sphaeronectes irregularis,adult,Desmoneme shape,Pear,Claus1874
,Sphaeronectes koellikeri,adult,Proximal TF desmoneme clump,1,Claus1874
,Sphaeronectes koellikeri,adult,Distal TF desmoneme clump,1,Claus1874
,Sphaeronectes irregularis,adult,Proximal TF desmoneme clump,1,Claus1874
,Sphaeronectes irregularis,adult,Distal TF desmoneme clump,0,Claus1874
,Sphaeronectes koellikeri,adult,Heteroneme shape,Cylindrical,Claus1874
,Sphaeronectes irregularis,adult,Heteroneme shape,Cylindrical,Claus1874
,Marrus claudanielis,adult,Cnidoband shape,Loosely coiled,Dunn2005_claudanielis
,Marrus claudanielis,adult,Involucrum,0,Dunn2005_claudanielis
,Marrus claudanielis,adult,Gastrozooid color,Deep red,Dunn2005_claudanielis
,Marrus claudanielis,adult,Tentacle color,Deep red,Dunn2005_claudanielis
,Marrus claudanielis,adult,Heteroneme position,Ubiquitous,Dunn2005_claudanielis
,Marrus claudanielis,adult,Haploneme type,Anisorhizas(?),Dunn2005_claudanielis
,Marrus claudanielis,adult,Haploneme position,Lateral,Dunn2005_claudanielis
,Marrus orthocanna,adult,Involucrum,0,Dunn2005_claudanielis
,Marrus antarcticus,adult,Involucrum,0,Dunn2005_claudanielis
,Marrus orthocanna,adult,Cnidoband shape,Straight,Dunn2005_claudanielis
,Dimophyes arctica,adult,Cnidoband shape,C,Grossman2013_thesis
,Dimophyes arctica,adult,Heteroneme type,Microbasic mastigophores,Grossman2013_thesis
,Dimophyes arctica,adult,Haploneme type,Holotrichous isorhizas,Grossman2013_thesis
,Dimophyes arctica,adult,Heteroneme shape,Elongate,Grossman2013_thesis
,Dimophyes arctica,adult,Haploneme shape,Elongate,Grossman2013_thesis
,Clausophyes galeata,adult,Heteroneme type,Microbasic mastigophores,Grossman2013_thesis
,Clausophyes galeata,adult,Haploneme type,Holotrichous isorhizas,Grossman2013_thesis
,Clausophyes galeata,adult,Heteroneme shape,Elongate,Grossman2013_thesis
,Clausophyes galeata,adult,Haploneme shape,Elongate,Grossman2013_thesis
,Archangelopsis jagoa,adult,Benthic existence,1,Hissman1995_Ajagoa
,Archangelopsis jagoa,adult,Tentilla,1,Hissman1995_Ajagoa
,Archangelopsis jagoa,adult,Tentacle annulation,1,Hissman1995_Ajagoa
,Archangelopsis jagoa,adult,Cnidoband shape,Loosely coiled,Hissman1995_Ajagoa
,Archangelopsis jagoa,adult,Gastrozooid color,Yellow,Hissman1995_Ajagoa
,Archangelopsis jagoa,adult,Gastrozooid color,Orange,Hissman1995_Ajagoa
,Archangelopsis jagoa,adult,Cnidoband color,Orange,Hissman1995_Ajagoa
,Archangelopsis jagoa,adult,Tentacle color,Orange,Hissman1995_Ajagoa
,Archangelopsis jagoa,adult,Tentacle ventral ligament,1,Hissman1995_Ajagoa
,Archangelopsis jagoa,adult,Tentacle terminal filament,1,Hissman1995_Ajagoa
,Archangelopsis jagoa,adult,Heteroneme shape,Ensiform,Hissman1995_Ajagoa
,Archangelopsis jagoa,adult,Heteroneme position,Lateral,Hissman1995_Ajagoa
,Archangelopsis jagoa,adult,Rhopaloneme type,Acrophores,Hissman1995_Ajagoa
,Archangelopsis jagoa,adult,Atentaculate gastrozooids,0,Hissman1995_Ajagoa
,Archangelopsis jagoa,adult,Fishing posture,Tethered,Hissman1995_Ajagoa
,Archangelopsis jagoa,adult,Gastrozooids on long peduncles,1,Hissman1995_Ajagoa
,Archangelopsis jagoa,adult,Feeding gonopalpons,1,Hissman1995_Ajagoa
,Tridensa rotunda,adult,Benthic existence,1,Hissman2005_newrho
,Tridensa sulawensis,adult,Benthic existence,1,Hissman2005_newrho
,Arancialia captonia,adult,Benthic existence,1,Hissman2005_newrho
,Tridensa rotunda,adult,Fishing posture,Tethered,Hissman2005_newrho
,Tridensa sulawensis,adult,Fishing posture,Tethered,Hissman2005_newrho
,Arancialia captonia,adult,Fishing posture,Tethered,Hissman2005_newrho
,Tridensa sulawensis,adult,Atentaculate gastrozooids,1,Hissman2005_newrho
,Tridensa rotunda,adult,Atentaculate gastrozooids,1,Hissman2005_newrho
,Tridensa sulawensis,adult,Gastrozooid color,Orange,Hissman2005_newrho
,Tridensa sulawensis,adult,Tentacle annulation,1,Hissman2005_newrho
,Tridensa sulawensis,adult,Tentilla,1,Hissman2005_newrho
,Tridensa sulawensis,adult,Tentilla shape,Loosely coiled,Hissman2005_newrho
,Tridensa sulawensis,adult,Terminal cnidoband lobes,1,Hissman2005_newrho
,Tridensa sulawensis,adult,Tentacle terminal filament,1,Hissman2005_newrho
,Tridensa sulawensis,adult,Tentilla shape,Straight,Hissman2005_newrho
,Tridensa sulawensis,adult,Heteroneme position,Lateral,Hissman2005_newrho
,Tridensa sulawensis,adult,Heteroneme shape,Elongate,Hissman2005_newrho
,Tridensa sulawensis,adult,Gut contents,Fish larvae,Hissman2005_newrho
,Tridensa sulawensis,adult,Fish diet,1,Hissman2005_newrho
,Tridensa sulawensis,adult,Gastrozooid villi,0,Hissman2005_newrho
,Tridensa rotunda,adult,Tentilla,1,Hissman2005_newrho
,Arancialia captonia,adult,Atentaculate gastrozooids,1,Hissman2005_newrho
,Arancialia captonia,adult,Tentilla,1,Hissman2005_newrho
,Arancialia captonia,adult,Tentacle annulation,1,Hissman2005_newrho
,Arancialia captonia,adult,Gastrozooid color,Orange,Hissman2005_newrho
,Arancialia captonia,adult,Terminal cnidoband lobes,1,Hissman2005_newrho
,Arancialia captonia,adult,Heteroneme position,Lateral,Hissman2005_newrho
,Arancialia captonia,adult,Heteroneme shape,Elongate,Hissman2005_newrho
,Archangelopsis jagoa,adult,Atentaculate gastrozooids,1,Hissman2005_newrho
,Archangelopsis jagoa,adult,Variable coiling,1,Hissman2005_newrho
,Arancialia captonia,adult,Variable coiling,1,Hissman2005_newrho
,Archangelopsis jagoa,adult,Terminal sinker,1,Hissman2005_newrho
,Archangelopsis jagoa,adult,Amphipod diet,1,Hissman2005_newrho
,Archangelopsis jagoa,adult,Fish diet,1,Hissman2005_newrho
,Archangelopsis jagoa,adult,Gut contents,Fish larvae,Hissman2005_newrho
,Archangelopsis jagoa,adult,Gut contents,Amphipod,Hissman2005_newrho
,Archangelopsis jagoa,adult,Gut contents,Crustacean,Hissman2005_newrho
,Arancialia captonia,adult,Tentacle ventral ligament,1,Hissman2005_newrho_fig10
,Physophora hydrostatica,adult,Heteroneme type,Microbasic mastigophores,Iwanzoff1896
,Marrus orthocanna,adult,Cnidoband shape,Loosely coiled,Kramp1942
,Hippopodius hippopus,adult,Diel vertical migration,1,Mackie1987_Siphbio
,Vogtia spinosa,adult,Diel vertical migration,0,Mackie1987_Siphbio
,Vogtia glabra,adult,Diel vertical migration,1,Mackie1987_Siphbio
,Vogtia serrata,adult,Diel vertical migration,0,Mackie1987_Siphbio
,Eudoxoides spiralis,adult,Diel vertical migration,1,Mackie1987_Siphbio
,Lensia conoidea,adult,Diel vertical migration,1,Mackie1987_Siphbio
,Kephyes ovata,adult,Diel vertical migration,0,Mackie1987_Siphbio
,Chuniphyes multidentata,adult,Diel vertical migration,0,Mackie1987_Siphbio
,Abylopsis tetragona,adult,Diel vertical migration,1,Mackie1987_Siphbio
,Ceratocymba leuckarti,adult,Diel vertical migration,1,Mackie1987_Siphbio
,Chelophyes appendiculata,adult,Diel vertical migration,1,Mackie1987_Siphbio
,Bassia bassensis,adult,Diel vertical migration,1,Mackie1987_Siphbio
,Ceratocymba sagitatta,eudoxid,Diel vertical migration,1,Mackie1987_Siphbio
,Eudoxoides mitra,adult,Diel vertical migration,1,Mackie1987_Siphbio
,Lensia subtiloides,adult,Diel vertical migration,1,Mackie1987_Siphbio
,Lensia campanella,adult,Diel vertical migration,1,Mackie1987_Siphbio
,Chelophyes contorta,adult,Diel vertical migration,1,Mackie1987_Siphbio
,Diphyes dispar,adult,Diel vertical migration,1,Mackie1987_Siphbio
,Lensia subtilis,adult,Diel vertical migration,Inverted,Mackie1987_Siphbio
,Apolemia ?uvaria,adult,Gut contents,Periphylla sp.,Mackie1987_Siphbio
,Athorybia rosacea,adult,Tentilla lure resemblance,Fish larvae,Mackie1987_Siphbio
,Agalma okeni,adult,Tentilla lure resemblance,Copepods,Mackie1987_Siphbio
,Nanomia ?bijuga,adult,Diel vertical migration,1,Mackie1987_Siphbio
,Apolemia uvaria,adult,Heteroneme type,Birrhopaloides,Mackie1987_Siphbio
,Apolemia uvaria,adult,Heteroneme type,Stenoteles,Mackie1987_Siphbio
,Apolemia uvaria,adult,Heteroneme type,Microbasic mastigophores,Mackie1987_Siphbio
,Apolemia uvaria,adult,Haploneme type,Isorhizas,Mackie1987_Siphbio
,Rhizophysa filiformis,adult,Heteroneme type,Stenoteles,Mackie1987_Siphbio
,Rhizophysa filiformis,adult,Haploneme type,Isorhizas,Mackie1987_Siphbio
,Rosacea flaccida,adult,Terminal filament nematocyst arrangement,1Desmonemes,2Rhopalonemes,Mackie1987_Siphbio
,Agalma okeni,adult,Heteroneme type,Microbasic mastigophores,Mackie1987_Siphbio
,Agalma elegans,adult,Heteroneme type,Microbasic mastigophores,Mackie1987_Siphbio
,Agalma clausi,adult,Heteroneme type,Microbasic mastigophores,Mackie1987_Siphbio
,Bathyphysa conifera,adult,Tentilla,0,Mackie1987_Siphbio
,Bathyphysa sibogae,adult,Tentilla,1,Mackie1987_Siphbio
,Praya reticulata,adult,Fishing posture,Curtain,Mackie1987_Siphbio
,Apolemia uvaria,adult,Fishing posture,Curtain,Mackie1987_Siphbio
,Chelophyes appendiculata,adult,Diel feeding,Nocturnal,Mackie1987_Siphbio
,Diphyes dispar,adult,Diel feeding,Nocturnal,Mackie1987_Siphbio
,Muggiaea atlantica,adult,Diel feeding,Nocturnal,Mackie1987_Siphbio
,Hippopodius hippopus,adult,Diel feeding,Nocturnal,Mackie1987_Siphbio
,Physalia physalis,adult,Gut contents,Herring,Mackie1987_Siphbio
,Physalia physalis,adult,Gut contents,Flying fish,Mackie1987_Siphbio
,Physalia physalis,adult,Gut contents,Silversides,Mackie1987_Siphbio
,Physalia physalis,adult,Cephalopod diet,1,Mackie1987_Siphbio
,Physalia physalis,adult,Chaetognath diet,1,Mackie1987_Siphbio
,Forskalia contorta,adult,Gut contents,Fish,MackieBoag1963
,Nanomia cara,adult,Heteroneme type,Euryteles,MackieBoag1963
,Erenna richardi,adult,Haploneme type,Atrichous isorhizas,Margulis1977_Erenna1
,Cordagalma tottoni,adult,Cnidoband shape,Straight,Margulis1993_Ctottoni
,Cordagalma tottoni,adult,Heteroneme position,Lateral proximal,Margulis1993_Ctottoni
,Cordagalma tottoni,adult,Terminal filament,0,Margulis1993_Ctottoni
,Cordagalma ordinatum,adult,Haploneme type,Isorhizas,Margulis1993_Ctottoni
,Cordagalma ordinatum,adult,Heteroneme type,Stenoteles,Margulis1993_Ctottoni
,Cordagalma ordinatum,adult,Cnidoband shape,Microovoid,Margulis1993_Ctottoni
,Rhodalia miranda,adult,Benthic existence,1,Pugh1983_Rhodalidae
,Dromalia alexandri,adult,Benthic existence,1,Pugh1983_Rhodalidae
,Angelopsis euryale,adult,Benthic existence,1,Pugh1983_Rhodalidae
,Stephalia dilata,adult,Benthic existence,1,Pugh1983_Rhodalidae
,Stephalia bathyphysa,adult,Benthic existence,1,Pugh1983_Rhodalidae
,Archangelopsis typica,adult,Benthic existence,1,Pugh1983_Rhodalidae
,Angelopsis globosa,adult,Benthic existence,1,Pugh1983_Rhodalidae
,Angelopsis globosa,adult,Tentacle annulation,1,Pugh1983_Rhodalidae
,Rhodalia miranda,adult,Tentacle annulation,1,Pugh1983_Rhodalidae
,Angelopsis euryale,adult,Atentaculate gastrozooids,1,Pugh1983_Rhodalidae
,Stephalia corona,adult,Atentaculate gastrozooids,1,Pugh1983_Rhodalidae
,Stephalia corona,adult,Benthic existence,1,Pugh1983_Rhodalidae
,Dromalia alexandri,adult,Atentaculate gastrozooids,1,Pugh1983_Rhodalidae
,Stephalia corona,adult,Tentilla,1,Pugh1983_Rhodalidae
,Stephalia corona,adult,Gastrozooid color,Orange,Pugh1983_Rhodalidae
,Stephalia corona,adult,Tentacle annulation,1,Pugh1983_Rhodalidae
,Stephalia corona,adult,Cnidoband shape,Loosely coiled,Pugh1983_Rhodalidae
,Stephalia corona,adult,Terminal filament,1,Pugh1983_Rhodalidae
,Stephalia bathyphysa,adult,Tentilla,0,Pugh1983_Rhodalidae
,Stephalia bathyphysa,adult,Tentacle terminal filament,1,Pugh1983_Rhodalidae
,Stephalia bathyphysa,adult,Tentacle annulation,1,Pugh1983_Rhodalidae
,Steleophysema aurophora,adult,Benthic existence,1,Pugh1983_Rhodalidae
,Steleophysema aurophora,adult,Tentacle annulation,1,Pugh1983_Rhodalidae
,Steleophysema aurophora,adult,Tentilla,1,Pugh1983_Rhodalidae
,Archangelopsis typica,adult,Tentacle annulation,1,Pugh1983_Rhodalidae
,Archangelopsis typica,adult,Tentilla,1,Pugh1983_Rhodalidae
,Archangelopsis typica,adult,Cnidoband shape,Loosely coiled,Pugh1983_Rhodalidae
,Archangelopsis typica,adult,Atentaculate gastrozooids,0,Pugh1983_Rhodalidae
,Rhodalia miranda,adult,Tentilla,1,Pugh1983_Rhodalidae
,Thermopalia taraxaca,adult,Benthic existence,1,Pugh1983_Rhodalidae
,Rhodalia miranda,adult,Tentacle annulation,1,Pugh1983_Rhodalidae
,Rhodalia miranda,adult,Tentacle ventral ligament,1,Pugh1983_Rhodalidae
,Rhodalia miranda,adult,Cnidoband shape,Loosely coiled,Pugh1983_Rhodalidae
,Rhodalia miranda,adult,Tentacle terminal filament,1,Pugh1983_Rhodalidae
,Rhodalia miranda,adult,Heteroneme shape,Ensiform,Pugh1983_Rhodalidae
,Rhodalia miranda,adult,Haploneme shape,Elongate,Pugh1983_Rhodalidae
,Rhodalia miranda,adult,Atentaculate gastrozooids,1,Pugh1983_Rhodalidae
,Dromalia alexandri,adult,Tentacle annulation,1,Pugh1983_Rhodalidae
,Dromalia alexandri,adult,Tentilla,1,Pugh1983_Rhodalidae
,Dromalia alexandri,adult,Tentacle ventral ligament,1,Pugh1983_Rhodalidae
,Dromalia alexandri,adult,Involucrum,0,Pugh1983_Rhodalidae
,Dromalia alexandri,adult,Terminal cnidoband lobes,1,Pugh1983_Rhodalidae
,Dromalia alexandri,adult,Gastrozooid villi,1,Pugh1983_Rhodalidae
,Dromalia alexandri,adult,Gastrozooid color,Orange,Pugh1983_Rhodalidae
,Dromalia alexandri,adult,Atentaculate gastrozooids,1,Pugh1983_Rhodalidae
,Thermopalia taraxaca,adult,Atentaculate gastrozooids,1,Pugh1983_Rhodalidae
,Thermopalia taraxaca,adult,Tentilla,1,Pugh1983_Rhodalidae
,Thermopalia taraxaca,adult,Gastrozooid color,Orange,Pugh1983_Rhodalidae
,Thermopalia taraxaca,adult,Gastrozooid villi,1,Pugh1983_Rhodalidae
,Thermopalia taraxaca,adult,Cnidoband shape,Coiled,Pugh1983_Rhodalidae
,Thermopalia taraxaca,adult,Gastrozooid color,Brownish-Orange,Pugh1983_Rhodalidae
,Thermopalia taraxaca,adult,Tentacle terminal filament,1,Pugh1983_Rhodalidae
,Thermopalia taraxaca,adult,Tentacle annulation,1,Pugh1983_Rhodalidae
,Thermopalia taraxaca,adult,Tentacle ventral ligament,1,Pugh1983_Rhodalidae
,Rhodalia miranda,adult,Fishing posture,Tethered,Pugh1983_Rhodalidae
,Dromalia alexandri,adult,Fishing posture,Tethered,Pugh1983_Rhodalidae
,Angelopsis euryale,adult,Fishing posture,Tethered,Pugh1983_Rhodalidae
,Stephalia dilata,adult,Fishing posture,Tethered,Pugh1983_Rhodalidae
,Stephalia bathyphysa,adult,Fishing posture,Tethered,Pugh1983_Rhodalidae
,Archangelopsis typica,adult,Fishing posture,Tethered,Pugh1983_Rhodalidae
,Angelopsis globosa,adult,Fishing posture,Tethered,Pugh1983_Rhodalidae
,Thermopalia taraxaca,adult,Fishing posture,Tethered,Pugh1983_Rhodalidae
,Lychnagalma utricularia,adult,Cnidoband shape,Coiled,Pugh1986b_Lychnagalma
,Lychnagalma utricularia,adult,Central ampulla,1,Pugh1986b_Lychnagalma
,Lychnagalma utricularia,adult,Superimposed terminal ampullae,0,Pugh1986b_Lychnagalma
,Lychnagalma utricularia,adult,Terminal filament,1,Pugh1986b_Lychnagalma
,Lychnagalma utricularia,adult,Tentilla buoyancy,Positive,Pugh1986b_Lychnagalma
,Agalma elegans,adult,Tentilla buoyancy,Negative,Pugh1986b_Lychnagalma
,Agalma okeni,adult,Tentilla buoyancy,Negative,Pugh1986b_Lychnagalma
,Agalma clausi,adult,Tentilla buoyancy,Negative,Pugh1986b_Lychnagalma
,Lychnagalma utricularia,adult,Fishing posture,Horizontal tentacles,Pugh1986b_Lychnagalma
,Lychnagalma utricularia,adult,Encapsulated cnidoband,1,Pugh1986b_Lychnagalma
,Lychnagalma utricularia,adult,Involucrum,1,Pugh1986b_Lychnagalma
,Lychnagalma utricularia,adult,Perpendicular coiling,1,Pugh1986b_Lychnagalma
,Lychnagalma utricularia,adult,Heteroneme type,Stenoteles,Pugh1986b_Lychnagalma
,Lychnagalma utricularia,adult,Heteroneme shape,Ensiform,Pugh1986b_Lychnagalma
,Lychnagalma utricularia,adult,Heteroneme position,Lateral,Pugh1986b_Lychnagalma
,Lychnagalma utricularia,adult,Haploneme type,Homotrichous anisorhizas,Pugh1986b_Lychnagalma
,Lychnagalma utricularia,adult,Cnidoband color,Deep orange,Pugh1986b_Lychnagalma
,Lychnagalma utricularia,adult,Gastrozooids on long peduncles,1,Pugh1986b_Lychnagalma
,Lychnagalma utricularia,adult,Hepatic stripes,1,Pugh1986b_Lychnagalma
,Lychnagalma utricularia,adult,Basigaster color,Colorless,Pugh1986b_Lychnagalma
,Lychnagalma utricularia,adult,Tentilla lure resemblance,Hydromedusa,Pugh1986b_Lychnagalma
,Rosacea repanda,adult,Heteroneme type,Microbasic mastigophores(?),Pugh1988b_Prayidae
,Rosacea repanda,adult,Heteroneme shape,Elongate,Pugh1988b_Prayidae
,Rosacea repanda,adult,Haploneme type,Anisorhizas(?),Pugh1988b_Prayidae
,Rosacea repanda,adult,Haploneme shape,Banana,Pugh1988b_Prayidae
,Rosacea repanda,adult,Desmonemes in the cnidoband,1,Pugh1988b_Prayidae
,Rosacea repanda,adult,Terminal filament nematocyst arrangement,1Desmoneme, 1Rhopaloneme,Pugh1988b_Prayidae
,Rosacea repanda,adult,Gut contents,Crustacean,Pugh1988b_Prayidae
,Rosacea repanda,adult,Crustacean diet,1,Pugh1988b_Prayidae
,Rosacea limbata,adult,Heteroneme shape,Elongate,Pugh1988b_Prayidae
,Rosacea limbata,adult,Heteroneme type,Microbasic mastigophores(?),Pugh1988b_Prayidae
,Rosacea limbata,adult,Haploneme type,Anisorhizas(?),Pugh1988b_Prayidae
,Rosacea limbata,adult,Desmonemes in cnidoband,1,Pugh1988b_Prayidae
,Rosacea limbata,adult,Terminal filament nematocyst arrangement,1Desmoneme,1Rhopaloneme,Pugh1988b_Prayidae
,Rosacea limbata,adult,Crustacean diet,1,Pugh1988b_Prayidae
,Rosacea limbata,adult,Gut contents,Ostracod,Pugh1988b_Prayidae
,Rosacea limbata,adult,Gut contents,Conchoecia acuta,Pugh1988b_Prayidae
,Rosacea limbata,adult,Ostracod diet,1,Pugh1988b_Prayidae
,Rosacea limbata,adult,Copepod diet,1,Pugh1988b_Prayidae
,Rosacea limbata,adult,Gut contents,Copepod,Pugh1988b_Prayidae
,Rosacea limbata,adult,Gut contents,Pleuromamma abdominalis,Pugh1988b_Prayidae
,Nectadamas diomedeae,adult,Terminal filament,0,Pugh1992a_Nectopyramidinae
,Nectadamas richardi,adult,Terminal filament,1,Pugh1992a_Nectopyramidinae
,Nectopyramis thetis,adult,Gastrozooid mouth lobes,1,Pugh1992a_Nectopyramidinae
,Nectopyramis thetis,adult,Cnidoband shape,C,Pugh1992a_Nectopyramidinae
,Nectopyramis thetis,adult,Terminal filament,1,Pugh1992a_Nectopyramidinae
,Nectopyramis thetis,adult,Heteroneme position,Lateral,Pugh1992a_Nectopyramidinae
,Nectopyramis thetis,adult,Haploneme position,Ubiquitous,Pugh1992a_Nectopyramidinae
,Nectopyramis thetis,adult,Desmoneme type,Unknown,Pugh1992a_Nectopyramidinae
,Nectopyramis natans,adult,Cnidoband shape,C,Pugh1992a_Nectopyramidinae
,Nectopyramis natans,adult,Involucrum,1,Pugh1992a_Nectopyramidinae
,Nectopyramis natans,adult,Involucrum flaps,1,Pugh1992a_Nectopyramidinae
,Nectopyramis natans,adult,Haploneme shape,Banana,Pugh1992a_Nectopyramidinae
,Nectopyramis natans,adult,Haploneme position,Ubiquitous,Pugh1992a_Nectopyramidinae
,Nectopyramis natans,adult,Terminal filament,1,Pugh1992a_Nectopyramidinae
,Nectopyramis natans,adult,Terminal filament nematocyst shape,Ellipsoid,Pugh1992a_Nectopyramidinae
,Nectadamas richardi,adult,Gastrozooid color,Dark brown,Pugh1992a_Nectopyramidinae
,Nectadamas richardi,adult,Involucrum,1,Pugh1992a_Nectopyramidinae
,Nectadamas richardi,adult,Involucrum shape,Flask,Pugh1992a_Nectopyramidinae
,Nectadamas richardi,adult,Cnidoband shape,C-ring,Pugh1992a_Nectopyramidinae
,Nectadamas richardi,adult,Terminal filament,1,Pugh1992a_Nectopyramidinae
,Nectadamas richardi,adult,Desmoneme type,Unknown,Pugh1992a_Nectopyramidinae
,Nectadamas richardi,adult,Terminal filament nematocyst arrrangement,1Desmonemes,1Rhopalonemes,Pugh1992a_Nectopyramidinae
,Nectadamas diomedeae,adult,Cnidoband shape,C-ring,Pugh1992a_Nectopyramidinae
,Nectadamas diomedeae,adult,Involucrum,1,Pugh1992a_Nectopyramidinae
,Nectadamas diomedeae,adult,Involucrum shape,Flask,Pugh1992a_Nectopyramidinae
,Nectadamas diomedeae,adult,Heteroneme position,Proximal,Pugh1992a_Nectopyramidinae
,Nectadamas diomedeae,adult,Heteroneme position,Distal,Pugh1992a_Nectopyramidinae
,Nectadamas diomedeae,adult,Haploneme position,Intermediate,Pugh1992a_Nectopyramidinae
,Nectadamas diomedeae,adult,Heteroneme type,Unknown,Pugh1992a_Nectopyramidinae
,Nectadamas diomedeae,adult,Heteroneme type,Stenoteles(?),Pugh1992a_Nectopyramidinae
,Nectadamas diomedeae,adult,Darkly pigmented heteronemes,1,Pugh1992a_Nectopyramidinae
,Nectopyramis thetis,adult,Rhopaloneme shape,Elongate,Pugh1992a_Nectopyramidinae_UnknownId
,Nectopyramis thetis,adult,Desmoneme shape,Ovoid,Pugh1992a_Nectopyramidinae_UnknownId
,Nectadamas richardi,adult,Desmoneme shape,Ovoid,Pugh1992a_Nectopyramidinae_UnknownId
,Nectadamas richardi,adult,Rhopaloneme shape,Elongate,Pugh1992a_Nectopyramidinae_UnknownId
,Frillagalma vityazi,adult,Stem contractility,Rigid,Pugh1998_Frillagalma
,Frillagalma vityazi,adult,Central ampulla,1,Pugh1998_Frillagalma
,Frillagalma vityazi,adult,Superimposed terminal ampullae,1,Pugh1998_Frillagalma
,Frillagalma vityazi,adult,Central ampulla sidebranch,1,Pugh1998_Frillagalma
,Frillagalma vityazi,adult,Gastrozooid color,Colorless,Pugh1998_Frillagalma
,Frillagalma vityazi,adult,Basigaster color,Colorless,Pugh1998_Frillagalma
,Frillagalma vityazi,adult,Basigaster shape,Saddle,Pugh1998_Frillagalma
,Frillagalma vityazi,adult,Hepatic stripes,1,Pugh1998_Frillagalma
,Frillagalma vityazi,adult,Elastic strand,1,Pugh1998_Frillagalma
,Frillagalma vityazi,adult,Haploneme type,Anisorhizas,Pugh1998_Frillagalma
,Frillagalma vityazi,adult,Haploneme shape,Elongate,Pugh1998_Frillagalma
,Frillagalma vityazi,adult,Heteroneme type,Stenoteles,Pugh1998_Frillagalma
,Frillagalma vityazi,adult,Heteroneme shape,Oval,Pugh1998_Frillagalma
,Frillagalma vityazi,adult,Terminal filament,0,Pugh1998_Frillagalma
,Frillagalma vityazi,adult,Pedicle shape,Coiled,Pugh1998_Frillagalma
,Frillagalma vityazi,adult,Elastic strand shape,Zigzag,Pugh1998_Frillagalma
,Frillagalma vityazi,adult,Encapsulated cnidoband,1,Pugh1998_Frillagalma
,Frillagalma vityazi,adult,Cnidosac shape,Ovoid,Pugh1998_Frillagalma
,Frillagalma vityazi,adult,Heteroneme position,Proximal,Pugh1998_Frillagalma
,Frillagalma vityazi,adult,Involucrum,0,Pugh1998_Frillagalma
,Bargmannia elongata,adult,Heteroneme type,Stenoteles,Pugh1999b_Bargmannia
,Bargmannia elongata,adult,Terminal filament,1,Pugh1999b_Bargmannia
,Bargmannia elongata,adult,Cnidoband shape,Straight,Pugh1999b_Bargmannia
,Bargmannia elongata,adult,Axial canal through terminal filament,1,Pugh1999b_Bargmannia
,Bargmannia elongata,adult,Gastrozooid color,Brown,Pugh1999b_Bargmannia
,Bargmannia elongata,adult,Hepatic stripes,1,Pugh1999b_Bargmannia
,Bargmannia elongata,adult,Gastrozooid color,Colorless,Pugh1999b_Bargmannia
,Bargmannia elongata,adult,Cnidoband shape,Loosely coiled,Pugh1999b_Bargmannia
,Bargmannia elongata,adult,Cnidoband shape,C,Pugh1999b_Bargmannia
,Bargmannia elongata,adult,Heteroneme shape,Oval,Pugh1999b_Bargmannia
,Bargmannia elongata,adult,Haploneme shape,Oval,Pugh1999b_Bargmannia
,Bargmannia elongata,adult,Haploneme shape,Spherical,Pugh1999b_Bargmannia
,Bargmannia amoena,adult,Basigaster color,Orange-red,Pugh1999b_Bargmannia
,Bargmannia amoena,adult,Gastrozooid color,Brown,Pugh1999b_Bargmannia
,Bargmannia amoena,adult,Gastrozooid villi,1,Pugh1999b_Bargmannia
,Bargmannia amoena,adult,Tentacle annulation,0,Pugh1999b_Bargmannia
,Bargmannia amoena,adult,Cnidoband shape,Straight,Pugh1999b_Bargmannia
,Bargmannia amoena,adult,Cnidoband shape,C,Pugh1999b_Bargmannia
,Bargmannia amoena,adult,Elastic strand,1,Pugh1999b_Bargmannia
,Bargmannia amoena,adult,Haploneme shape,Oval,Pugh1999b_Bargmannia
,Bargmannia amoena,adult,Heteroneme type,Stenoteles,Pugh1999b_Bargmannia
,Bargmannia amoena,adult,Heteroneme shape,Oval,Pugh1999b_Bargmannia
,Bargmannia amoena,adult,Heteroneme position,Proximal,Pugh1999b_Bargmannia
,Bargmannia elongata,adult,Heteroneme position,Proximal,Pugh1999b_Bargmannia
,Bargmannia lata,adult,Gastrozooid color,Deep red,Pugh1999b_Bargmannia
,Bargmannia lata,adult,Heteroneme position,Lateral proximal,Pugh1999b_Bargmannia
,Bargmannia elongata,adult,Involucrum,0,Pugh1999b_Bargmannia
,Bargmannia amoena,adult,Involucrum,0,Pugh1999b_Bargmannia
,Bargmannia lata,adult,Involucrum,0,Pugh1999b_Bargmannia
,Bargmannia lata,adult,Cnidoband shape,Straight,Pugh1999b_Bargmannia
,Pyrostephos vanhoeffeni,adult,Cnidoband shape,Straight,Pugh1999b_Bargmannia
,Pyrostephos vanhoeffeni,adult,Involucrum,0,Pugh1999b_Bargmannia
,Pyrostephos vanhoeffeni,adult,Heteroneme position,Proximal,Pugh1999b_Bargmannia
,Pyrostephos vanhoeffeni,adult,Heteroneme type,Stenoteles?,Pugh1999b_Bargmannia
,Pyrostephos vanhoeffeni,adult,Haploneme shape,Oval,Pugh1999b_Bargmannia
,Pyrostephos vanhoeffeni,adult,Heteroneme shape,Oval,Pugh1999b_Bargmannia
,Pyrostephos vanhoeffeni,adult,Terminal filament nematocysts,1,Pugh1999b_Bargmannia
,Erenna laciniata,adult,Terminal filament nematocysts,0,Pugh1999b_Bargmannia
,Erenna richardi,adult,Terminal filament nematocysts,0,Pugh1999b_Bargmannia
,Erenna cornuta,adult,Terminal filament nematocysts,0,Pugh1999b_Bargmannia
,Bargmannia amoena,adult,Terminal filament nematocysts,1,Pugh1999b_Bargmannia
,Bargmannia elongata,adult,Terminal filament nematocysts,1,Pugh1999b_Bargmannia
,Bargmannia lata,adult,Terminal filament nematocysts,1,Pugh1999b_Bargmannia
,Erenna richardi,adult,Cnidoband shape,Straight,Pugh2001_Erenna
,Erenna richardi,adult,Haploneme type,Homotrichous anisorhizas(?),Pugh2001_Erenna
,Erenna richardi,adult,Axial canal through terminal filament,1,Pugh2001_Erenna
,Erenna richardi,adult,Gastrozooids on long peduncles,0,Pugh2001_Erenna
,Erenna laciniata,adult,Gastrozooids on long peduncles,1,Pugh2001_Erenna
,Erenna cornuta,adult,Gastrozooids on long peduncles,2,Pugh2001_Erenna
,Paraerenna emilyae,adult,Gastrozooids on long peduncles,3,Pugh2001_Erenna
,Erenna laciniata,adult,Axial canal through terminal filament,1,Pugh2001_Erenna
,Erenna cornuta,adult,Axial canal through terminal filament,2,Pugh2001_Erenna
,Paraerenna emilyae,adult,Axial canal through terminal filament,3,Pugh2001_Erenna
,Erenna laciniata,adult,Cnidoband shape,Straight,Pugh2001_Erenna
,Erenna cornuta,adult,Cnidoband shape,Straight,Pugh2001_Erenna
,Paraerenna emilyae,adult,Cnidoband shape,Straight,Pugh2001_Erenna
,Erenna laciniata,adult,Haploneme type,Anisorhizas,Pugh2001_Erenna
,Erenna cornuta,adult,Haploneme type,Anisorhizas,Pugh2001_Erenna
,Paraerenna emilyae,adult,Haploneme type,Anisorhizas,Pugh2001_Erenna
,Erenna richardi,adult,Rigid terminal filament,1,Pugh2001_Erenna
,Erenna richardi,adult,Terminal filament nematocysts,0,Pugh2001_Erenna
,Erenna richardi,adult,Heteroneme type,Microbasic(?) mastigophores,Pugh2001_Erenna
,Erenna laciniata,adult,Heteroneme type,Microbasic(?) mastigophores,Pugh2001_Erenna
,Erenna cornuta,adult,Heteroneme type,Microbasic(?) mastigophores,Pugh2001_Erenna
,Erenna richardi,adult,Gastrozooid color,Black,Pugh2001_Erenna
,Erenna richardi,adult,Gastrozooid villi,1,Pugh2001_Erenna
,Erenna richardi,adult,Tentacle annulation,1,Pugh2001_Erenna
,Erenna richardi,adult,Tentacle lamella,1,Pugh2001_Erenna
,Erenna richardi,adult,Pedicle contractility,High,Pugh2001_Erenna
,Erenna richardi,adult,Cnidoband lateral compression,1,Pugh2001_Erenna
,Erenna richardi,adult,Cnidoband color,Dark,Pugh2001_Erenna
,Erenna richardi,adult,Haploneme position,Lateral,Pugh2001_Erenna
,Erenna richardi,adult,Tentilla vibration,1,Pugh2001_Erenna
,Erenna richardi,adult,Tentilla lure resemblance,Chaetognaths,Pugh2001_Erenna
,Erenna richardi,adult,Terminal filament ocelli,1,Pugh2001_Erenna
,Erenna laciniata,adult,Terminal filament ocelli,1,Pugh2001_Erenna
,Erenna laciniata,adult,Cnidoband color,Light brown,Pugh2001_Erenna
,Erenna laciniata,adult,Gastrozooid color,Brown,Pugh2001_Erenna
,Erenna laciniata,adult,Tentacle annulation,1,Pugh2001_Erenna
,Erenna laciniata,adult,Tentacle lamella,1,Pugh2001_Erenna
,Erenna laciniata,adult,Haploneme type,Homotrichous anisorhizas(?),Pugh2001_Erenna
,Erenna laciniata,adult,Haploneme position,Lateral,Pugh2001_Erenna
,Erenna richardi,adult,Heteroneme type,Unknown,Pugh2001_Erenna
,Erenna laciniata,adult,Heteroneme shape,Oval,Pugh2001_Erenna
,Erenna laciniata,adult,Heteroneme shape,Cylindrical,Pugh2001_Erenna
,Erenna laciniata,adult,Terminal filament color,Reddish brown,Pugh2001_Erenna
,Erenna laciniata,adult,Tentilla vibration,1,Pugh2001_Erenna
,Erenna cornuta,adult,Terminal filament,0,Pugh2001_Erenna
,Erenna cornuta,adult,Basigaster shape,Saddle,Pugh2001_Erenna
,Erenna cornuta,adult,Gastrozooid color,Dark brown,Pugh2001_Erenna
,Erenna cornuta,adult,Hepatic stripes,1,Pugh2001_Erenna
,Erenna cornuta,adult,Tentacle annulation,1,Pugh2001_Erenna
,Erenna cornuta,adult,Tentacle lamella,1,Pugh2001_Erenna
,Erenna cornuta,adult,Cnidoband shape,4 swellings,Pugh2001_Erenna
,Erenna cornuta,adult,Haploneme position,External ring,Pugh2001_Erenna
,Erenna cornuta,adult,Haploneme position,Internal circle,Pugh2001_Erenna
,Erenna cornuta,adult,Haploneme shape,Oval,Pugh2001_Erenna
,Erenna cornuta,adult,Haploneme shape,Cylindrical,Pugh2001_Erenna
,Erenna cornuta,adult,Cnidoband shape,Serial patches,Pugh2001_Erenna
,Paraerenna emilyae,adult,Cnidoband extending over terminal filament,1,Pugh2001_Erenna
,Paraerenna emilyae,adult,Gastrozooid villi,1,Pugh2001_Erenna
,Paraerenna emilyae,adult,Hepatic stripes,1,Pugh2001_Erenna
,Paraerenna emilyae,adult,Terminal sinker,1,Pugh2001_Erenna
,Paraerenna emilyae,adult,Haploneme type,Homotrichous anisorhizas(?),Pugh2001_Erenna
,Paraerenna emilyae,adult,Terminal sinker shape,Spherical,Pugh2001_Erenna
,Forskalia edwardsi,adult,Gastrozooids on long peduncles,1,Pugh2003_Forskaliidae
,Forskalia edwardsi,adult,Tentacle annulation,0,Pugh2003_Forskaliidae
,Forskalia edwardsi,adult,Cnidoband shape,Loosely coiled,Pugh2003_Forskaliidae
,Forskalia edwardsi,adult,Heteroneme position,Lateral,Pugh2003_Forskaliidae
,Forskalia edwardsi,adult,Heteroneme type,Stenoteles,Pugh2003_Forskaliidae
,Forskalia edwardsi,adult,Haploneme type,Anisorhizas,Pugh2003_Forskaliidae
,Forskalia edwardsi,adult,Rhopaloneme type,Acrophores,Pugh2003_Forskaliidae
,Forskalia edwardsi,adult,Terminal filament nematocyst arrrangement,2Desmonemes,4Rhopalonemes,Pugh2003_Forskaliidae
,Forskalia edwardsi,larva,Cnidoband shape,Acorn,Pugh2003_Forskaliidae
,Forskalia edwardsi,larva,Heteroneme position,Ring,Pugh2003_Forskaliidae
,Forskalia edwardsi,larva,Heteroneme type,Stenoteles,Pugh2003_Forskaliidae
,Forskalia edwardsi,larva,Haploneme type,Anisorhizas,Pugh2003_Forskaliidae
,Forskalia edwardsi,larva,Desmonemes in the cnidoband,1,Pugh2003_Forskaliidae
,Forskalia edwardsi,larva,Terminal filament,0,Pugh2003_Forskaliidae
,Forskalia contorta,adult,Gastrozooids on long peduncles,1,Pugh2003_Forskaliidae
,Forskalia contorta,adult,Tentacle annulation,1,Pugh2003_Forskaliidae
,Forskalia contorta,adult,Cnidoband shape,Loosely coiled,Pugh2003_Forskaliidae
,Forskalia contorta,adult,Heteroneme type,Stenoteles,Pugh2003_Forskaliidae
,Forskalia contorta,adult,Haploneme type,Anisorhizas,Pugh2003_Forskaliidae
,Forskalia contorta,adult,Haploneme type,Isorhizas,Pugh2003_Forskaliidae
,Forskalia contorta,adult,Rhopaloneme type,Acrophores,Pugh2003_Forskaliidae
,Forskalia formosa,adult,Gastrozooids on long peduncles,1,Pugh2003_Forskaliidae
,Forskalia formosa,adult,Hepatic stripes,1,Pugh2003_Forskaliidae
,Forskalia formosa,adult,Gastrozooid color,Orange,Pugh2003_Forskaliidae
,Forskalia formosa,adult,Tentacle annulation,1,Pugh2003_Forskaliidae
,Forskalia formosa,adult,Cnidoband color,Orange-red,Pugh2003_Forskaliidae
,Forskalia formosa,adult,Cnidoband shape,Loosely coiled,Pugh2003_Forskaliidae
,Forskalia formosa,adult,Heteroneme type,Stenoteles,Pugh2003_Forskaliidae
,Forskalia formosa,adult,Haploneme type,Anisorhizas,Pugh2003_Forskaliidae
,Forskalia formosa,adult,Haploneme type,Isorhizas(?),Pugh2003_Forskaliidae
,Forskalia tholoides,adult,Gastrozooids on long peduncles,1,Pugh2003_Forskaliidae
,Forskalia tholoides,adult,Gastrozooid color,Red(?),Pugh2003_Forskaliidae
,Forskalia tholoides,adult,Cnidoband shape,Loosely coiled,Pugh2003_Forskaliidae
,Forskalia tholoides,adult,Cnidoband color,Red,Pugh2003_Forskaliidae
,Forskalia tholoides,adult,Heteroneme type,Stenoteles,Pugh2003_Forskaliidae
,Forskalia tholoides,adult,Haploneme type,Anisorhizas,Pugh2003_Forskaliidae
,Forskalia tholoides,adult,Rhopaloneme type,Acrophores,Pugh2003_Forskaliidae
,Forskalia tholoides,adult,Haploneme type,Isorhizas(?),Pugh2003_Forskaliidae
,Forskalia tholoides,larva,Cnidoband shape,Acorn,Pugh2003_Forskaliidae
,Forskalia tholoides,larva,Heteroneme position,Ring,Pugh2003_Forskaliidae
,Forskalia tholoides,larva,Heteroneme type,Stenoteles,Pugh2003_Forskaliidae
,Forskalia tholoides,larva,Haploneme type,Anisorhizas,Pugh2003_Forskaliidae
,Forskalia tholoides,larva,Desmonemes in the cnidoband,1,Pugh2003_Forskaliidae
,Forskalia tholoides,larva,Haploneme type,Isorhizas(?),Pugh2003_Forskaliidae
,Forskalia asymmetrica,adult,Gastrozooids on long peduncles,1,Pugh2003_Forskaliidae
,Forskalia asymmetrica,adult,Basigaster shape,Saddle,Pugh2003_Forskaliidae
,Forskalia asymmetrica,adult,Hepatic stripes,1,Pugh2003_Forskaliidae
,Forskalia asymmetrica,adult,Gastrozooid color,Orange,Pugh2003_Forskaliidae
,Forskalia asymmetrica,adult,Basigaster color,Deep red,Pugh2003_Forskaliidae
,Forskalia asymmetrica,adult,Tentacle annulation,1,Pugh2003_Forskaliidae
,Forskalia asymmetrica,adult,Cnidoband color,Pale orange,Pugh2003_Forskaliidae
,Forskalia asymmetrica,adult,Cnidoband shape,Loosely coiled,Pugh2003_Forskaliidae
,Forskalia asymmetrica,adult,Heteroneme type,Stenoteles,Pugh2003_Forskaliidae
,Forskalia asymmetrica,adult,Haploneme type,Anisorhizas,Pugh2003_Forskaliidae
,Forskalia asymmetrica,adult,Rhopaloneme type,Acrophores,Pugh2003_Forskaliidae
,Forskalia asymmetrica,adult,Haploneme type,Isorhizas(?),Pugh2003_Forskaliidae
,Forskalia saccula,adult,Hepatic stripes,1,Pugh2003_Forskaliidae
,Forskalia saccula,adult,Tentacle annulation,0,Pugh2003_Forskaliidae
,Forskalia saccula,adult,Cnidoband shape,Loosely coiled,Pugh2003_Forskaliidae
,Physophora gilmeri,adult,Gastrozooids on long peduncles,1,Pugh2005_Physophora
,Physophora gilmeri,adult,Basigaster shape,Globular,Pugh2005_Physophora
,Physophora gilmeri,adult,Gastrozooid color,Colorless,Pugh2005_Physophora
,Physophora gilmeri,adult,Hepatic stripes,1,Pugh2005_Physophora
,Physophora gilmeri,adult,Encapsulated cnidoband,1,Pugh2005_Physophora
,Physophora gilmeri,adult,Tentacle annulation,1,Pugh2005_Physophora
,Physophora gilmeri,adult,Cnidoband shape,Coiled,Pugh2005_Physophora
,Physophora gilmeri,adult,Cnidosac shape,Ovoid,Pugh2005_Physophora
,Physophora gilmeri,adult,Heteroneme position,Lateral proximal,Pugh2005_Physophora
,Physophora hydrostatica,adult,Cnidosac shape,Ovoid,Pugh2005_Physophora
,Physophora hydrostatica,larva,Cnidoband shape,Loosely coiled,Pugh2005_Physophora
,Physophora hydrostatica,larva,Cnidosac lateral processes,1,Pugh2005_Physophora
,Physophora hydrostatica,adult,Cnidosac lateral processes,0,Pugh2005_Physophora
,Physophora gilmeri,adult,Cnidosac lateral processes,0,Pugh2005_Physophora
,Physophora gilmeri,adult,Cnidosac lateral processes,1,Pugh2005_Physophora
,Sphaeronectes christiansonae,adult,Gastrozooid color,Orange,Pugh2009_Sphaeronectidae
,Sphaeronectes christiansonae,adult,Cnidoband color,White,Pugh2009_Sphaeronectidae
,Sphaeronectes christiansonae,adult,Tentacle lateral excrecences,1,Pugh2009_Sphaeronectidae
,Sphaeronectes christiansonae,adult,Pedicle contractility,High,Pugh2009_Sphaeronectidae
,Sphaeronectes christiansonae,adult,Heteroneme type,Microbasic mastigophores,Pugh2009_Sphaeronectidae
,Sphaeronectes christiansonae,adult,Heteroneme position,Lateral,Pugh2009_Sphaeronectidae
,Sphaeronectes christiansonae,adult,Distal cnidoband desmonemes,1,Pugh2009_Sphaeronectidae
,Sphaeronectes christiansonae,adult,Haploneme type,Anisorhizas(?),Pugh2009_Sphaeronectidae
,Sphaeronectes haddocki,adult,Gastrozooid color,Colorless,Pugh2009_Sphaeronectidae
,Sphaeronectes haddocki,adult,Cnidoband color,Pale yellow,Pugh2009_Sphaeronectidae
,Sphaeronectes haddocki,adult,Heteroneme type,Microbasic mastigophores,Pugh2009_Sphaeronectidae
,Sphaeronectes haddocki,adult,Desmoneme shape,Pear,Pugh2009_Sphaeronectidae
,Sphaeronectes haddocki,adult,Terminal filament,1,Pugh2009_Sphaeronectidae
,Sphaeronectes haddocki,adult,Distal cnidoband desmonemes,1,Pugh2009_Sphaeronectidae
,Sphaeronectes haddocki,adult,Tentacle lateral excrecences,1,Pugh2009_Sphaeronectidae
,Sphaeronectes haddocki,adult,Rhopaloneme type,Anacrophores,Pugh2009_Sphaeronectidae
,Sphaeronectes christiansonae,adult,Rhopaloneme type,Anacrophores,Pugh2009_Sphaeronectidae
,Resomia ornicephala,adult,Involucrum encosing,0,Pugh2009cResomiidae
,Resomia ornicephala,adult,Involucrum flaps,2,Pugh2009cResomiidae
,Resomia ornicephala,adult,Involucrum flaps symmetry,Asymmetrical,Pugh2009cResomiidae
,Resomia ornicephala,adult,Cnidoband color,Yellow,Pugh2009cResomiidae
,Resomia ornicephala,adult,Tentacle annulations,1,Pugh2009cResomiidae
,Resomia ornicephala,adult,Involucrum pigmentation,Green stripe with 2 yellow spots,Pugh2009cResomiidae
,Resomia ornicephala,adult,Cnidoband shape,Zigzag,Pugh2009cResomiidae
,Resomia ornicephala,adult,Heteroneme type,Microbasic mastigophores,Pugh2009cResomiidae
,Resomia ornicephala,adult,Haploneme type,Homotrichous anisorhizas,Pugh2009cResomiidae
,Resomia ornicephala,adult,Heteroneme position,Lateral,Pugh2009cResomiidae
,Resomia ornicephala,adult,Rhopaloneme type,Acrophores,Pugh2009cResomiidae
,Resomia ornicephala,larval,Pedicle shape,Coiled,Pugh2009cResomiidae
,Resomia ornicephala,larval,Encapsulated cnidoband,1,Pugh2009cResomiidae
,Resomia ornicephala,adult,Encapsulated cnidoband,0,Pugh2009cResomiidae
,Resomia ornicephala,adult,Pedicle shape,Straight,Pugh2009cResomiidae
,Resomia ornicephala,larval,Heteroneme type,Microbasic mastigophores,Pugh2009cResomiidae
,Resomia ornicephala,larval,Heteroneme position,Lateral proximal,Pugh2009cResomiidae
,Resomia ornicephala,larval,Haploneme type,Homotrichous anisorhizas,Pugh2009cResomiidae
,Resomia ornicephala,adult,Tentacle jigging,1,Pugh2009cResomiidae
,Resomia ornicephala,adult,Gut contents,Euphausiacea,Pugh2009cResomiidae
,Resomia ornicephala,adult,Gut contents,Thyssanoessa sp.,Pugh2009cResomiidae
,Resomia persica,adult,Involucrum encosing,1,Pugh2009cResomiidae
,Resomia persica,adult,Cnidoband color,White,Pugh2009cResomiidae
,Resomia persica,adult,Cnidoband color,Pale yellow,Pugh2009cResomiidae
,Resomia persica,adult,Gastrozooid color,Peach,Pugh2009cResomiidae
,Resomia persica,adult,Heteroneme type,Microbasic mastigophores,Pugh2009cResomiidae
,Resomia persica,adult,Haploneme type,Anisorhizas,Pugh2009cResomiidae
,Resomia persica,adult,Heteroneme position,Lateral,Pugh2009cResomiidae
,Resomia persica,adult,Rhopaloneme type,Acrophores,Pugh2009cResomiidae
,Resomia dunni,adult,Cnidoband shape,Coiled, Zigzag,Pugh2009cResomiidae
,Resomia dunni,adult,Cnidoband color,Orange,Pugh2009cResomiidae
,Resomia dunni,adult,Gastrozooid color,Orange,Pugh2009cResomiidae
,Resomia dunni,adult,Gastrozooid color,Red,Pugh2009cResomiidae
,Resomia dunni,adult,Heteroneme type,Microbasic mastigophores,Pugh2009cResomiidae
,Resomia dunni,adult,Haploneme type,Anisorhizas,Pugh2009cResomiidae
,Resomia dunni,adult,Involucrum encosing,1,Pugh2009cResomiidae
,Resomia dunni,adult,Heteroneme position,Lateral,Pugh2009cResomiidae
,Resomia persica,adult,Crustacean diet,1,Pugh2009cResomiidae
,Resomia persica,adult,Krill diet,1,Pugh2009cResomiidae
,Halistemma rubrum,adult,Gastrozooid color,Colorless,Pugh2014Halistemma
,Halistemma rubrum,adult,Gastrozooid color,Faint orange,Pugh2014Halistemma
,Halistemma rubrum,adult,Involucrum enclosing,0,Pugh2014Halistemma
,Halistemma rubrum,adult,Heteroneme type,Stenoteles,Pugh2014Halistemma
,Halistemma rubrum,adult,Haploneme type,Anisorhizas,Pugh2014Halistemma
,Halistemma rubrum,adult,Heteroneme position,Lateral,Pugh2014Halistemma
,Halistemma rubrum,adult,Haploneme shape,Spherical,Pugh2014Halistemma
,Halistemma rubrum,adult,Haploneme shape,Oval,Pugh2014Halistemma
,Halistemma rubrum,adult,Terminal sinker,0,Pugh2014Halistemma
,Halistemma rubrum,adult,Terminal filament terminal coil,1,Pugh2014Halistemma
,Halistemma rubrum,adult,Cnidoband shape,Coiled,Pugh2014Halistemma
,Halistemma rubrum,larva,Encapsulated cnidoband,1,Pugh2014Halistemma
,Halistemma rubrum,adult,Encapsulated cnidoband,0,Pugh2014Halistemma
,Halistemma rubrum,larva,Cnidoband shape,Straight,Pugh2014Halistemma
,Halistemma rubrum,larva,Cnidoband position in sac,Distal,Pugh2014Halistemma
,Halistemma cupulifera,adult,Involucrum shape,Cup,Pugh2014Halistemma
,Halistemma cupulifera,adult,Pedicle contractility,High,Pugh2014Halistemma
,Halistemma cupulifera,adult,Involucrum enclosing,0,Pugh2014Halistemma
,Halistemma cupulifera,adult,Cnidoband shape,Coiled,Pugh2014Halistemma
,Halistemma cupulifera,adult,Haploneme shape,Banana,Pugh2014Halistemma
,Halistemma cupulifera,adult,Haploneme type,Anisorhizas(?),Pugh2014Halistemma
,Halistemma cupulifera,adult,Heteroneme position,Lateral proximal,Pugh2014Halistemma
,Halistemma cupulifera,adult,Heteroneme type,Stenoteles,Pugh2014Halistemma
,Halistemma cupulifera,adult,Platelets,1,Pugh2014Halistemma
,Halistemma rubrum,adult,Platelets,1,Pugh2014Halistemma
,Halistemma cupulifera,adult,Rhopaloneme type,Acrophores,Pugh2014Halistemma
,Halistemma rubrum,adult,Rhopaloneme type,Acrophores,Pugh2014Halistemma
,Halistemma cupulifera,adult,Terminal sinker,1,Pugh2014Halistemma
,Halistemma cupulifera,adult,Terminal sinker shape,Cup,Pugh2014Halistemma
,Halistemma cupulifera,adult,Terminal sinker platelets,1,Pugh2014Halistemma
,Halistemma cupulifera,adult,Terminal sinker platelet shape,Ovoid,Pugh2014Halistemma
,Halistemma striata,adult,Encapsulated cnidoband,0,Pugh2014Halistemma
,Halistemma striata,adult,Involucrum enclosing,0,Pugh2014Halistemma
,Halistemma striata,adult,Terminal sinker,0,Pugh2014Halistemma
,Halistemma striata,adult,Gastrozooid color,Red/White,Pugh2014Halistemma
,Halistemma striata,adult,Basigaster color,Red,Pugh2014Halistemma
,Halistemma striata,adult,Hipostome color,White,Pugh2014Halistemma
,Halistemma striata,adult,Cnidoband color,Orange,Pugh2014Halistemma
,Halistemma striata,adult,Terminal filament color,White,Pugh2014Halistemma
,Halistemma striata,adult,Heteroneme type,Stenoteles,Pugh2014Halistemma
,Halistemma striata,adult,Heteroneme position,Lateral proximal,Pugh2014Halistemma
,Halistemma striata,adult,Haploneme shape,Banana,Pugh2014Halistemma
,Halistemma striata,adult,Haploneme type,Anisorhizas(?),Pugh2014Halistemma
,Halistemma striata,adult,Rhopaloneme type,Acrophores(?),Pugh2014Halistemma
,Halistemma transliratum,adult,Terminal sinker,1,Pugh2014Halistemma
,Halistemma transliratum,adult,Terminal sinker shape,Glandiform,Pugh2014Halistemma
,Halistemma transliratum,adult,Cnidoband shape,Coiled,Pugh2014Halistemma
,Halistemma transliratum,adult,Involucrum enclosing,0,Pugh2014Halistemma
,Halistemma transliratum,adult,Cnidoband color,Orange-red,Pugh2014Halistemma
,Halistemma transliratum,adult,Heteroneme position,Lateral proximal,Pugh2014Halistemma
,Halistemma transliratum,adult,Heteroneme type,Stenoteles,Pugh2014Halistemma
,Halistemma transliratum,adult,Haploneme type,Anisorhizas,Pugh2014Halistemma
,Halistemma transliratum,adult,Rhopaloneme type,Acrophores,Pugh2014Halistemma
,Halistemma transliratum,adult,Platelets,1,Pugh2014Halistemma
,Halistemma transliratum,larva,Cnidoband shape,Coiled,Pugh2014Halistemma
,Halistemma transliratum,larva,Terminal sinker,1,Pugh2014Halistemma
,Halistemma transliratum,larva,Terminal sinker shape,Hollow tube,Pugh2014Halistemma
,Halistemma foliacea,adult,Terminal sinker,1,Pugh2014Halistemma
,Halistemma foliacea,adult,Terminal sinker shape,Cup,Pugh2014Halistemma
,Halistemma foliacea,adult,Tentacle annulation,1,Pugh2014Halistemma
,Halistemma foliacea,adult,Hepatic stripes,1,Pugh2014Halistemma
,Halistemma foliacea,adult,Involucrum flaps,2,Pugh2014Halistemma
,Halistemma foliacea,adult,Involucrum flaps symmetry,Symmetrical,Pugh2014Halistemma
,Halistemma foliacea,adult,Involucrum flaps symmetry,Assymetrical,Pugh2014Halistemma
,Halistemma foliacea,adult,Heteroneme type,Stenoteles,Pugh2014Halistemma
,Halistemma foliacea,adult,Haploneme type,Anisorhizas,Pugh2014Halistemma
,Halistemma foliacea,adult,Heteroneme position,Lateral proximal,Pugh2014Halistemma
,Halistemma foliacea,adult,Haploneme shape,Banana,Pugh2014Halistemma
,Halistemma foliacea,adult,Rhopaloneme type,Acrophores,Pugh2014Halistemma
,Halistemma maculatum,adult,Terminal sinker,1,Pugh2014Halistemma
,Halistemma maculatum,adult,Terminal sinker shape,Acorn,Pugh2014Halistemma
,Halistemma maculatum,adult,Involucrum enclosing,0,Pugh2014Halistemma
,Halistemma maculatum,adult,Pedicle contractility,High,Pugh2014Halistemma
,Halistemma maculatum,adult,Heteroneme type,Stenoteles,Pugh2014Halistemma
,Halistemma maculatum,adult,Haploneme type,Anisorhizas(?),Pugh2014Halistemma
,Halistemma maculatum,adult,Heteroneme position,Lateral proximal,Pugh2014Halistemma
,Halistemma maculatum,adult,Haploneme shape,Banana,Pugh2014Halistemma
,Halistemma maculatum,adult,Platelets,1,Pugh2014Halistemma
,Halistemma maculatum,adult,Rhopaloneme type,Acrophores,Pugh2014Halistemma
,Halistemma maculatum,larva,Encapsulated cnidoband,1,Pugh2014Halistemma
,Halistemma maculatum,larva,Cnidoband shape,Straight,Pugh2014Halistemma
,Halistemma maculatum,larva,Cnidoband position in sac,Distal,Pugh2014Halistemma
,Halistemma maculatum,larva,Heteroneme type,Stenoteles,Pugh2014Halistemma
,Halistemma maculatum,larva,Haploneme shape,Banana,Pugh2014Halistemma
,Halistemma maculatum,larva,Haploneme type,Anisorhizas(?),Pugh2014Halistemma
,Stephanomia amphitridis,adult,Cnidoband shape,Loosely coiled,Pugh2014Halistemma
,Stephanomia amphitridis,adult,Involucrum,0,Pugh2014Halistemma
,Stephanomia amphitridis,adult,Haploneme type,Unknown,Pugh2014Halistemma
,Stephanomia amphitridis,adult,Heteroneme type,Stenoteles(?),Pugh2014Halistemma
,Stephanomia amphitridis,adult,Heteroneme position,Lateral,Pugh2014Halistemma
,Stephanomia amphitridis,adult,Rhopaloneme type,Acrophores,Pugh2014Halistemma
,Stephanomia amphitridis,adult,Rhopaloneme tip,Open,Pugh2014Halistemma
,Stephanomia amphitridis,adult,Desmoneme type,Unknown,Pugh2014Halistemma
,Stephanomia amphitridis,adult,Rhopaloneme position,Unilateral,Pugh2014Halistemma
,Stephanomia amphitridis,adult,Terminal sinker,0,Pugh2014Halistemma
,Stephanomia amphitridis,larva,Encapsulated cnidoband,1,Pugh2014Halistemma
,Stephanomia amphitridis,larva,Cnidoband color,Orange/Colorless,Pugh2014Halistemma
,Stephanomia amphitridis,larva,Proximal cnidoband color,Orange,Pugh2014Halistemma
,Stephanomia amphitridis,larva,Distal cnidoband color,Colorless,Pugh2014Halistemma
,Stephanomia amphitridis,larva,Cnidoband position in sac,Distal,Pugh2014Halistemma
,Stephanomia amphitridis,larva,Heteroneme type,Mastigophores(?),Pugh2014Halistemma
,Stephanomia amphitridis,larva,Heteroneme position,Lateral proximal,Pugh2014Halistemma
,Stephanomia amphitridis,larva,Haploneme position (distal cnidoband),Lateral,Pugh2014Halistemma
,Stephanomia amphitridis,larva,Rhopaloneme type,Unknown,Pugh2014Halistemma
,Stephanomia amphitridis,larva,Desmoneme type,Unknown,Pugh2014Halistemma
,Stephanomia amphitridis,larva,Rhopaloneme inclusions,1,Pugh2014Halistemma
,Stephanomia amphitridis,larva,Cnidoband shape,Straight,Pugh2014Halistemma
,Cardianecta parchelion,adult,Involucrum,1,Pugh2016a_Cordagalma
,Cardianecta parchelion,adult,Cnidoband shape,Coiled,Pugh2016a_Cordagalma
,Cardianecta parchelion,adult,Heteroneme type,Mastigophores?,Pugh2016a_Cordagalma
,Cordagalma ordinatum,adult,Terminal rostrum,1,Pugh2016a_Cordagalma
,Cordagalma ordinatum,adult,Hepatic stripes,1,Pugh2016a_Cordagalma
,Cordagalma ordinatum,adult,Pedicle contractility,High,Pugh2016a_Cordagalma
,Cordagalma abyssorum,adult,Terminal rostrum,0,Pugh2016a_Cordagalma
,Cordagalma abyssorum,adult,Basigaster shape,Cylindrical,Pugh2016a_Cordagalma
,Cordagalma abyssorum,adult,Heteroneme type,Stenoteles,Pugh2016a_Cordagalma
,Cordagalma abyssorum,adult,Heteroneme position,Proximal,Pugh2016a_Cordagalma
,Cordagalma abyssorum,adult,Proximal haploneme type,Anisorhizas,Pugh2016a_Cordagalma
,Cordagalma abyssorum,adult,Distal haploneme type,Isorhizas,Pugh2016a_Cordagalma
,Cordagalma rugosum,adult,Gastrozooid color,Pinkish,Pugh2016a_Cordagalma
,Cordagalma rugosum,adult,Gastrozooid color,White,Pugh2016a_Cordagalma
,Cordagalma rugosum,adult,Gastrozooid color,Pale orange,Pugh2016a_Cordagalma
,Cordagalma bimaculatum,adult,Long distal cnidocils,0,Pugh2016a_Cordagalma
,Cordagalma abyssorum,adult,Long distal cnidocils,1,Pugh2016a_Cordagalma
,Cordagalma ordinatum,adult,Long distal cnidocils,1,Pugh2016a_Cordagalma
,Cordagalma bimaculatum,adult,Terminal rostrum,0,Pugh2016a_Cordagalma
,Cordagalma bimaculatum,adult,Heteroneme type,Stenoteles,Pugh2016a_Cordagalma
,Cordagalma bimaculatum,adult,Heteroneme position,Proximal,Pugh2016a_Cordagalma
,Cordagalma bimaculatum,adult,Proximal haploneme type,Anisorhizas,Pugh2016a_Cordagalma
,Cordagalma bimaculatum,adult,Distal haploneme type,Isorhizas,Pugh2016a_Cordagalma
,Cordagalma isocarrei,adult,Heteroneme type,Stenoteles,Pugh2016a_Cordagalma
,Cordagalma isocarrei,adult,Heteroneme position,Proximal,Pugh2016a_Cordagalma
,Cordagalma isocarrei,adult,Proximal haploneme type,Anisorhizas,Pugh2016a_Cordagalma
,Cordagalma isocarrei,adult,Distal haploneme type,Isorhizas,Pugh2016a_Cordagalma
,Cordagalma isocarrei,adult,Long distal cnidocils,1,Pugh2016a_Cordagalma
,Cordagalma isocarrei,adult,Haploneme shape,Ovoid,Pugh2016a_Cordagalma
,Cardianecta parchelion,adult,Involucrum flaps,2,Pugh2016a_Cordagalma
,Cardianecta parchelion,adult,Basigaster shape,Cylindrical,Pugh2016a_Cordagalma
,Cardianecta parchelion,adult,Hepatic stripes,1,Pugh2016a_Cordagalma
,Cardianecta parchelion,adult,Pedicle canal shape,Coiled,Pugh2016a_Cordagalma
,Cardianecta parchelion,adult,Encapsulated cnidoband,1,Pugh2016a_Cordagalma
,Cardianecta parchelion,adult,Cnidosac shape,Horned,Pugh2016a_Cordagalma
,Cardianecta parchelion,adult,Cnidoband shape,Loosely coiled,Pugh2016a_Cordagalma
,Cardianecta parchelion,adult,Desmoneme shape,Spherical,Pugh2016a_Cordagalma
,Cardianecta parchelion,adult,Heteroneme type,Microbasic mastigophores,Pugh2016a_Cordagalma
,Cardianecta parchelion,adult,Heteroneme position,Ubiquitous,Pugh2016a_Cordagalma
,Erenna sirena,adult,Pedicle contractility,High,PughHaddock2016_Erenna
,Erenna laciniata,adult,Pedicle contractility,High,PughHaddock2016_Erenna
,Erenna sirena,adult,Heteroneme type,Microbasic mastigophores,PughHaddock2016_Erenna
,Erenna laciniata,adult,Heteroneme type,Microbasic mastigophores,PughHaddock2016_Erenna
,Erenna insidiator,adult,Heteroneme type,Microbasic mastigophores,PughHaddock2016_Erenna
,Erenna cornuta,adult,Heteroneme type,Microbasic mastigophores,PughHaddock2016_Erenna
,Erenna richardi,adult,Heteroneme type,Microbasic mastigophores,PughHaddock2016_Erenna
,Paraerenna emilyae,adult,Heteroneme type,Microbasic mastigophores,PughHaddock2016_Erenna
,Erenna sirena,adult,Heteroneme position,Lateral,PughHaddock2016_Erenna
,Erenna laciniata,adult,Heteroneme position,Lateral,PughHaddock2016_Erenna
,Erenna insidiator,adult,Heteroneme position,Lateral,PughHaddock2016_Erenna
,Erenna cornuta,adult,Heteroneme position,Lateral,PughHaddock2016_Erenna
,Erenna richardi,adult,Heteroneme position,Lateral,PughHaddock2016_Erenna
,Paraerenna emilyae,adult,Heteroneme position,Lateral,PughHaddock2016_Erenna
,Erenna sirena,adult,Gastrozooids on long peduncles,0,PughHaddock2016_Erenna
,Erenna laciniata,adult,Gastrozooids on long peduncles,0,PughHaddock2016_Erenna
,Erenna insidiator,adult,Gastrozooids on long peduncles,0,PughHaddock2016_Erenna
,Erenna cornuta,adult,Gastrozooids on long peduncles,0,PughHaddock2016_Erenna
,Erenna richardi,adult,Gastrozooids on long peduncles,0,PughHaddock2016_Erenna
,Paraerenna emilyae,adult,Gastrozooids on long peduncles,0,PughHaddock2016_Erenna
,Erenna richardi,adult,Haploneme shape,Pear,PughHaddock2016_Erenna
,Erenna richardi,adult,Haploneme shape,Oval,PughHaddock2016_Erenna
,Erenna laciniata,adult,Cnidoband ventral process,1,PughHaddock2016_Erenna
,Erenna laciniata,adult,Cnidoband ventral process attachment,Proximal,PughHaddock2016_Erenna
,Erenna laciniata,adult,Cnidoband ventral process photophores,1,PughHaddock2016_Erenna
,Erenna laciniata,adult,Cnidoband ventral process photophore position,Distal,PughHaddock2016_Erenna
,Erenna laciniata,adult,Gastrozooid color,Whitish yellow,PughHaddock2016_Erenna
,Erenna laciniata,adult,Basigaster color,Pinkish,PughHaddock2016_Erenna
,Erenna laciniata,adult,Basigaster color,Translucent,PughHaddock2016_Erenna
,Erenna laciniata,adult,Cnidoband proximal bifurcation,1,PughHaddock2016_Erenna
,Erenna sirena,adult,Tentilla jigging,1,PughHaddock2016_Erenna
,Erenna laciniata,adult,Tentilla writhing,1,PughHaddock2016_Erenna
,Erenna cornuta,adult,Cnidoband ventral process,1,PughHaddock2016_Erenna
,Erenna cornuta,adult,Cnidoband ventral process attachment,Terminal,PughHaddock2016_Erenna
,Erenna cornuta,adult,Cnidoband ventral process shape,Spherical,PughHaddock2016_Erenna
,Erenna laciniata,adult,Cnidoband ventral process shape,Elongate,PughHaddock2016_Erenna
,Erenna cornuta,adult,Hepatic stripes,1,PughHaddock2016_Erenna
,Erenna cornuta,adult,Basigaster color,Yellowish-orange,PughHaddock2016_Erenna
,Erenna cornuta,adult,Cnidoband ventral process shape,Pointed,PughHaddock2016_Erenna
,Erenna cornuta,adult,Tentilla writhing,1,PughHaddock2016_Erenna
,Erenna cornuta,adult,Haploneme shape,Pear,PughHaddock2016_Erenna
,Erenna cornuta,adult,Haploneme shape,Cylindrical,PughHaddock2016_Erenna
,Erenna cornuta,adult,Heteroneme shape,Elongate,PughHaddock2016_Erenna
,Erenna cornuta,adult,Cnidoband shape,Wavy margins,PughHaddock2016_Erenna
,Erenna insidiator,adult,Cnidoband shape,Straight,PughHaddock2016_Erenna
,Erenna insidiator,adult,Gastrozooid color,Black,PughHaddock2016_Erenna
,Erenna insidiator,adult,Basigaster shape,Ring,PughHaddock2016_Erenna
,Erenna insidiator,adult,Hepatic stripes,1,PughHaddock2016_Erenna
,Erenna insidiator,adult,Pedicle contractility,High,PughHaddock2016_Erenna
,Erenna insidiator,adult,Laterally compressed tentilla,1,PughHaddock2016_Erenna
,Erenna insidiator,adult,Tentacle annulation,1,PughHaddock2016_Erenna
,Erenna insidiator,adult,Cnidoband ventral process,1,PughHaddock2016_Erenna
,Erenna insidiator,adult,Cnidoband ventral process attachment,Terminal,PughHaddock2016_Erenna
,Erenna insidiator,adult,Cnidoband ventral process shape,Pointed,PughHaddock2016_Erenna
,Erenna insidiator,adult,Cnidoband ventral process photophores,1,PughHaddock2016_Erenna
,Erenna insidiator,adult,Heteroneme shape,Elongate,PughHaddock2016_Erenna
,Erenna insidiator,adult,Haploneme shape,Oval,PughHaddock2016_Erenna
,Erenna insidiator,adult,Haploneme shape,Pear,PughHaddock2016_Erenna
,Erenna insidiator,adult,Cnidoband shape,Wavy margins,PughHaddock2016_Erenna
,Erenna sirena,adult,Cnidoband ventral process,1,PughHaddock2016_Erenna
,Erenna sirena,adult,Cnidoband ventral process attachment,Central,PughHaddock2016_Erenna
,Erenna sirena,adult,Cnidoband ventral process shape,Elongate,PughHaddock2016_Erenna
,Erenna sirena,adult,Cnidoband ventral process photophores,1,PughHaddock2016_Erenna
,Erenna sirena,adult,Hepatic stripes,1,PughHaddock2016_Erenna
,Erenna sirena,adult,Photophore color,Red,PughHaddock2016_Erenna
,Erenna sirena,proximal,Photophore color,White,PughHaddock2016_Erenna
,Erenna cornuta,adult,Photophore color,Red,PughHaddock2016_Erenna
,Erenna insidiator,adult,Photophore color,Red,PughHaddock2016_Erenna
,Erenna richardi,adult,Photophore color,Red,PughHaddock2016_Erenna
,Erenna sirena,proximal,Cnidoband shape,C,PughHaddock2016_Erenna
,Erenna sirena,larva,Cnidoband shape,Anteater,PughHaddock2016_Erenna
,Erenna sirena,adult,Cnidoband shape,Straight,PughHaddock2016_Erenna
,Erenna sirena,larva,Heteroneme position,Lateral,PughHaddock2016_Erenna
,Erenna sirena,adult,Tentilla lure resemblance,Copepod,PughHaddock2016_Erenna
,Erenna sirena,adult,Haploneme type,Microbasic anisorhizas,PughHaddock2016_Erenna
,Erenna sirena,adult,Haploneme shape,Cylindrical,PughHaddock2016_Erenna
,Erenna richardi,adult,Cnidoband shape,Wavy margins,PughHaddock2016_Erenna
,Apolemia uvaria,adult,Gut contents,Gelatinous zooplankton,Purcell1981
,Apolemia uvaria,adult,Gelatinous diet,1,Purcell1981
,Bathyphysa sibogae,adult,Gut contents,Fish larvae,Purcell1981
,Rhizophysa filiformis,adult,Gut contents,Fish larvae,Purcell1981
,Rhizophysa eyesenhardti,adult,Gut contents,Fish larvae,Purcell1981
,Rhizophysa eyesenhardti,adult,Fish diet,1,Purcell1981
,Physalia physalis,adult,Fish diet,1,Purcell1981
,Bathyphysa sibogae,adult,Fish diet,1,Purcell1981
,Rhizophysa filiformis,adult,Fish diet,1,Purcell1981
,Apolemia uvaria,adult,Gut contents,Cypris larvae,Purcell1981b_feeding
,Apolemia uvaria,adult,Gut contents,Barnacle nauplius larvae,Purcell1981b_feeding
,Apolemia uvaria,adult,Gut contents,Cladocera,Purcell1981b_feeding
,Apolemia uvaria,adult,Gut contents,Atlantidae,Purcell1981b_feeding
,Apolemia uvaria,adult,Gut contents,Salps,Purcell1981b_feeding
,Apolemia uvaria,adult,Gut contents,Ctenophores,Purcell1981b_feeding
,Apolemia uvaria,adult,Gut contents,Hydromedusae,Purcell1981b_feeding
,Apolemia uvaria,adult,Gelatinous diet,1,Purcell1981b_feeding
,Athorybia rosacea,adult,Gut contents,Mysis larvae,Purcell1981b_feeding
,Athorybia rosacea,adult,Crustacean diet,1,Purcell1981b_feeding
,Athorybia rosacea,adult,Decapod diet,1,Purcell1981b_feeding
,Nanomia bijuga,adult,Gut contents,Barnacle nauplius larvae,Purcell1981b_feeding
,Nanomia bijuga,adult,Crustacean diet,1,Purcell1981b_feeding
,Diphyes dispar,adult,Gut contents,Gastropod velliger,Purcell1981b_feeding
,Diphyes dispar,adult,Gastropod diet,1,Purcell1981b_feeding
,Rosacea cymbiformis,adult,Gut contents,Crab zoea,Purcell1981b_feeding
,Apolemia uvaria,adult,Gastropod diet,1,Purcell1981b_feeding
,Apolemia uvaria,adult,Hydrozoa diet,1,Purcell1981b_feeding
,Apolemia uvaria,adult,Ctenophore diet,1,Purcell1981b_feeding
,Apolemia uvaria,adult,Salp diet,1,Purcell1981b_feeding
,Apolemia uvaria,adult,Polychaete diet,1,Purcell1981b_feeding
,Rosacea cymbiformis,adult,Gut contents,Crab megalopa,Purcell1981b_feeding
,Rosacea cymbiformis,adult,Gut contents,Stomatopoda zoea,Purcell1981b_feeding
,Rosacea cymbiformis,adult,Gut contents,Mysis larvae,Purcell1981b_feeding
,Rosacea cymbiformis,adult,Gut contents,Caridean zoea,Purcell1981b_feeding
,Rosacea cymbiformis,adult,Crustacean diet,1,Purcell1981b_feeding
,Rosacea cymbiformis,adult,Decapod diet,1,Purcell1981b_feeding
,Rosacea cymbiformis,adult,Gut contents,Anomuran zoea,Purcell1981b_feeding
,Rosacea cymbiformis,adult,Gut contents,Cypris larvae,Purcell1981b_feeding
,Rosacea cymbiformis,adult,Gut contents,Cladocera,Purcell1981b_feeding
,Rosacea cymbiformis,adult,Cladoceran diet,1,Purcell1981b_feeding
,Apolemia uvaria,adult,Cladoceran diet,1,Purcell1981b_feeding
,Rosacea cymbiformis,adult,Gut contents,Polychaeta,Purcell1981b_feeding
,Rosacea cymbiformis,adult,Gut contents,Bivalve velliger,Purcell1981b_feeding
,Rosacea cymbiformis,adult,Gut contents,Gastropod velliger,Purcell1981b_feeding
,Rosacea cymbiformis,adult,Gut contents,Pteropoda,Purcell1981b_feeding
,Rosacea cymbiformis,adult,Gut contents,Atlantidae,Purcell1981b_feeding
,Rosacea cymbiformis,adult,Gastropod diet,1,Purcell1981b_feeding
,Rosacea cymbiformis,adult,Polychaete diet,1,Purcell1981b_feeding
,Rosacea cymbiformis,adult,Mollusc diet,1,Purcell1981b_feeding
,Apolemia uvaria,adult,Mollusc diet,1,Purcell1981b_feeding
,Sulculeolaria quadrivalvis,adult,Gut contents,Anomuran zoea,Purcell1981b_feeding
,Sulculeolaria quadrivalvis,adult,Gut contents,Cladocera,Purcell1981b_feeding
,Sulculeolaria quadrivalvis,adult,Gut contents,Bivalve velliger,Purcell1981b_feeding
,Sulculeolaria quadrivalvis,adult,Gut contents,Gastropod velliger,Purcell1981b_feeding
,Nanomia bijuga,adult,Decapod diet,1,Purcell1981b_feeding
,Agalma elegans,adult,Decapod diet,1,Purcell1981b_feeding
,Rhizophysa filiformis,adult,Fish diet,1,Purcell1981b_feeding
,Rhizophysa eyesenhardti,adult,Fish diet,1,Purcell1981b_feeding
,Bathyphysa sibogae,adult,Fish diet,1,Purcell1981b_feeding
,Rhizophysa eyesenhardti,adult,Copepod diet,0,Purcell1981b_feeding
,Rhizophysa eyesenhardti,adult,Amphipod diet,0,Purcell1981b_feeding
,Rhizophysa eyesenhardti,adult,Ostracod diet,0,Purcell1981b_feeding
,Rhizophysa eyesenhardti,adult,Decapod diet,0,Purcell1981b_feeding
,Rhizophysa eyesenhardti,adult,Chaetognath diet,0,Purcell1981b_feeding
,Rhizophysa eyesenhardti,adult,Mollusc diet,0,Purcell1981b_feeding
,Agalma elegans,adult,Decapod diet,1,Purcell1981b_feeding
,Agalma elegans,adult,Copepod diet,1,Purcell1981b_feeding
,Agalma elegans,adult,Amphipod diet,0,Purcell1981b_feeding
,Agalma elegans,adult,Decapod diet,1,Purcell1981b_feeding
,Agalma elegans,adult,Ostracod diet,0,Purcell1981b_feeding
,Agalma elegans,adult,Chaetognath diet,0,Purcell1981b_feeding
,Agalma elegans,adult,Fish diet,1,Purcell1981b_feeding
,Agalma elegans,adult,Mollusc diet,0,Purcell1981b_feeding
,Agalma elegans,adult,Gelatinous diet,0,Purcell1981b_feeding
,Agalma elegans,adult,Fish diet,0,Purcell1981b_feeding
,Agalma elegans,adult,Copepod diet,0,Purcell1981b_feeding
,Agalma okeni,adult,Copepod diet,1,Purcell1981b_feeding
,Agalma okeni,adult,Copepod diet,0,Purcell1981b_feeding
,Agalma okeni,adult,Amphipod diet,0,Purcell1981b_feeding
,Agalma okeni,adult,Ostracod diet,0,Purcell1981b_feeding
,Agalma okeni,adult,Decapod diet,0,Purcell1981b_feeding
,Agalma okeni,adult,Decapod diet,1,Purcell1981b_feeding
,Agalma okeni,adult,Chaetognath diet,0,Purcell1981b_feeding
,Agalma okeni,adult,Fish diet,0,Purcell1981b_feeding
,Agalma okeni,adult,Fish diet,1,Purcell1981b_feeding
,Agalma okeni,adult,Gelatinous diet,0,Purcell1981b_feeding
,Agalma okeni,adult,Mollusc diet,0,Purcell1981b_feeding
,Apolemia uvaria,adult,Copepod diet,1,Purcell1981b_feeding
,Apolemia uvaria,adult,Copepod diet,0,Purcell1981b_feeding
,Apolemia uvaria,adult,Amphipod diet,0,Purcell1981b_feeding
,Apolemia uvaria,adult,Decapod diet,1,Purcell1981b_feeding
,Apolemia uvaria,adult,Ostracod diet,0,Purcell1981b_feeding
,Apolemia uvaria,adult,Chaetognath diet,1,Purcell1981b_feeding
,Apolemia uvaria,adult,Fish diet,1,Purcell1981b_feeding
,Apolemia uvaria,adult,Fish diet,0,Purcell1981b_feeding
,Apolemia uvaria,adult,Mollusc diet,0,Purcell1981b_feeding
,Apolemia uvaria,adult,Mollusc diet,1,Purcell1981b_feeding
,Apolemia uvaria,adult,Gelatinous diet,1,Purcell1981b_feeding
,Athorybia rosacea,adult,Gelatinous diet,0,Purcell1981b_feeding
,Athorybia rosacea,adult,Mollusc diet,0,Purcell1981b_feeding
,Athorybia rosacea,adult,Fish diet,1,Purcell1981b_feeding
,Athorybia rosacea,adult,Fish diet,0,Purcell1981b_feeding
,Athorybia rosacea,adult,Chaetognath diet,1,Purcell1981b_feeding
,Athorybia rosacea,adult,Chaetognath diet,0,Purcell1981b_feeding
,Athorybia rosacea,adult,Decapod diet,0,Purcell1981b_feeding
,Athorybia rosacea,adult,Ostracod diet,0,Purcell1981b_feeding
,Athorybia rosacea,adult,Decapod diet,1,Purcell1981b_feeding
,Athorybia rosacea,adult,Amphipod diet,0,Purcell1981b_feeding
,Athorybia rosacea,adult,Copepod diet,1,Purcell1981b_feeding
,Cordagalma ordinatum,adult,Copepod diet,1,Purcell1981b_feeding
,Cordagalma ordinatum,adult,Ostracod diet,1,Purcell1981b_feeding
,Cordagalma ordinatum,adult,Amphipod diet,0,Purcell1981b_feeding
,Cordagalma ordinatum,adult,Decapod diet,0,Purcell1981b_feeding
,Cordagalma ordinatum,adult,Chaetognath diet,0,Purcell1981b_feeding
,Cordagalma ordinatum,adult,Fish diet,0,Purcell1981b_feeding
,Cordagalma ordinatum,adult,Mollusc diet,0,Purcell1981b_feeding
,Cordagalma ordinatum,adult,Gelatinous diet,0,Purcell1981b_feeding
,Nanomia bijuga,adult,Copepod diet,1,Purcell1981b_feeding
,Nanomia bijuga,adult,Amphipod diet,0,Purcell1981b_feeding
,Nanomia bijuga,adult,Decapod diet,1,Purcell1981b_feeding
,Nanomia bijuga,adult,Ostracod diet,0,Purcell1981b_feeding
,Nanomia bijuga,adult,Chaetognath diet,1,Purcell1981b_feeding
,Nanomia bijuga,adult,Fish diet,0,Purcell1981b_feeding
,Nanomia bijuga,adult,Mollusc diet,0,Purcell1981b_feeding
,Nanomia bijuga,adult,Gelatinous diet,0,Purcell1981b_feeding
,Abyla trigona,adult,Copepod diet,1,Purcell1981b_feeding
,Abyla trigona,adult,Ostracod diet,0,Purcell1981b_feeding
,Abyla trigona,adult,Decapod diet,0,Purcell1981b_feeding
,Abyla trigona,adult,Amphipod diet,0,Purcell1981b_feeding
,Abyla trigona,adult,Gelatinous diet,0,Purcell1981b_feeding
,Abyla trigona,adult,Mollusc diet,0,Purcell1981b_feeding
,Abyla trigona,adult,Fish diet,0,Purcell1981b_feeding
,Abyla trigona,adult,Chaetognath diet,0,Purcell1981b_feeding
,Bassia bassensis,adult,Copepod diet,1,Purcell1981b_feeding
,Bassia bassensis,adult,Ostracod diet,0,Purcell1981b_feeding
,Bassia bassensis,adult,Decapod diet,0,Purcell1981b_feeding
,Bassia bassensis,adult,Amphipod diet,0,Purcell1981b_feeding
,Bassia bassensis,adult,Gelatinous diet,0,Purcell1981b_feeding
,Bassia bassensis,adult,Mollusc diet,0,Purcell1981b_feeding
,Bassia bassensis,adult,Fish diet,0,Purcell1981b_feeding
,Bassia bassensis,adult,Chaetognath diet,0,Purcell1981b_feeding
,Muggiaea atlantica,adult,Copepod diet,1,Purcell1981b_feeding
,Muggiaea atlantica,adult,Ostracod diet,0,Purcell1981b_feeding
,Muggiaea atlantica,adult,Decapod diet,0,Purcell1981b_feeding
,Muggiaea atlantica,adult,Amphipod diet,0,Purcell1981b_feeding
,Muggiaea atlantica,adult,Gelatinous diet,0,Purcell1981b_feeding
,Muggiaea atlantica,adult,Mollusc diet,0,Purcell1981b_feeding
,Muggiaea atlantica,adult,Fish diet,0,Purcell1981b_feeding
,Muggiaea atlantica,adult,Chaetognath diet,0,Purcell1981b_feeding
,Hippopodius hippopus,adult,Copepod diet,0,Purcell1981b_feeding
,Hippopodius hippopus,adult,Ostracod diet,1,Purcell1981b_feeding
,Hippopodius hippopus,adult,Decapod diet,0,Purcell1981b_feeding
,Hippopodius hippopus,adult,Amphipod diet,0,Purcell1981b_feeding
,Hippopodius hippopus,adult,Gelatinous diet,0,Purcell1981b_feeding
,Hippopodius hippopus,adult,Mollusc diet,0,Purcell1981b_feeding
,Hippopodius hippopus,adult,Fish diet,0,Purcell1981b_feeding
,Hippopodius hippopus,adult,Chaetognath diet,0,Purcell1981b_feeding
,Sphaeronectes koellikeri,adult,Copepod diet,1,Purcell1981b_feeding
,Sphaeronectes koellikeri,adult,Ostracod diet,0,Purcell1981b_feeding
,Sphaeronectes koellikeri,adult,Decapod diet,0,Purcell1981b_feeding
,Sphaeronectes koellikeri,adult,Amphipod diet,0,Purcell1981b_feeding
,Sphaeronectes koellikeri,adult,Gelatinous diet,0,Purcell1981b_feeding
,Sphaeronectes koellikeri,adult,Mollusc diet,0,Purcell1981b_feeding
,Sphaeronectes koellikeri,adult,Fish diet,0,Purcell1981b_feeding
,Sphaeronectes koellikeri,adult,Chaetognath diet,0,Purcell1981b_feeding
,Sulculeolaria biloba,adult,Copepod diet,1,Purcell1981b_feeding
,Sulculeolaria biloba,adult,Ostracod diet,0,Purcell1981b_feeding
,Sulculeolaria biloba,adult,Decapod diet,0,Purcell1981b_feeding
,Sulculeolaria biloba,adult,Amphipod diet,0,Purcell1981b_feeding
,Sulculeolaria biloba,adult,Gelatinous diet,0,Purcell1981b_feeding
,Sulculeolaria biloba,adult,Mollusc diet,0,Purcell1981b_feeding
,Sulculeolaria biloba,adult,Fish diet,0,Purcell1981b_feeding
,Sulculeolaria biloba,adult,Chaetognath diet,0,Purcell1981b_feeding
,Sulculeolaria chuni,adult,Copepod diet,1,Purcell1981b_feeding
,Sulculeolaria chuni,adult,Ostracod diet,0,Purcell1981b_feeding
,Sulculeolaria chuni,adult,Decapod diet,0,Purcell1981b_feeding
,Sulculeolaria chuni,adult,Amphipod diet,0,Purcell1981b_feeding
,Sulculeolaria chuni,adult,Gelatinous diet,0,Purcell1981b_feeding
,Sulculeolaria chuni,adult,Mollusc diet,0,Purcell1981b_feeding
,Sulculeolaria chuni,adult,Fish diet,0,Purcell1981b_feeding
,Sulculeolaria chuni,adult,Chaetognath diet,0,Purcell1981b_feeding
,Sulculeolaria monoica,adult,Copepod diet,1,Purcell1981b_feeding
,Sulculeolaria monoica,adult,Ostracod diet,0,Purcell1981b_feeding
,Sulculeolaria monoica,adult,Decapod diet,0,Purcell1981b_feeding
,Sulculeolaria monoica,adult,Amphipod diet,0,Purcell1981b_feeding
,Sulculeolaria monoica,adult,Gelatinous diet,0,Purcell1981b_feeding
,Sulculeolaria monoica,adult,Mollusc diet,0,Purcell1981b_feeding
,Sulculeolaria monoica,adult,Fish diet,0,Purcell1981b_feeding
,Sulculeolaria monoica,adult,Chaetognath diet,0,Purcell1981b_feeding
,Chelophyes appendiculata,adult,Copepod diet,1,Purcell1981b_feeding
,Chelophyes appendiculata,adult,Ostracod diet,1,Purcell1981b_feeding
,Chelophyes appendiculata,adult,Decapod diet,0,Purcell1981b_feeding
,Chelophyes appendiculata,adult,Amphipod diet,0,Purcell1981b_feeding
,Chelophyes appendiculata,adult,Gelatinous diet,0,Purcell1981b_feeding
,Chelophyes appendiculata,adult,Mollusc diet,0,Purcell1981b_feeding
,Chelophyes appendiculata,adult,Fish diet,0,Purcell1981b_feeding
,Chelophyes appendiculata,adult,Chaetognath diet,0,Purcell1981b_feeding
,Chelophyes appendiculata,adult,Ostracod diet,0,Purcell1981b_feeding
,Diphyes dispar,adult,Copepod diet,1,Purcell1981b_feeding
,Diphyes dispar,adult,Ostracod diet,0,Purcell1981b_feeding
,Diphyes dispar,adult,Decapod diet,0,Purcell1981b_feeding
,Diphyes dispar,adult,Amphipod diet,0,Purcell1981b_feeding
,Diphyes dispar,adult,Gelatinous diet,0,Purcell1981b_feeding
,Diphyes dispar,adult,Mollusc diet,0,Purcell1981b_feeding
,Diphyes dispar,adult,Fish diet,0,Purcell1981b_feeding
,Diphyes dispar,adult,Chaetognath diet,0,Purcell1981b_feeding
,Diphyes dispar,adult,Ostracod diet,1,Purcell1981b_feeding
,Diphyes dispar,adult,Amphipod diet,1,Purcell1981b_feeding
,Diphyes dispar,adult,Decapod diet,1,Purcell1981b_feeding
,Diphyes dispar,adult,Mollusc diet,1,Purcell1981b_feeding
,Rosacea cymbiformis,adult,Copepod diet,1,Purcell1981b_feeding
,Rosacea cymbiformis,adult,Amphipod diet,1,Purcell1981b_feeding
,Rosacea cymbiformis,adult,Decapod diet,1,Purcell1981b_feeding
,Rosacea cymbiformis,adult,Ostracod diet,1,Purcell1981b_feeding
,Rosacea cymbiformis,adult,Chaetognath diet,1,Purcell1981b_feeding
,Rosacea cymbiformis,adult,Fish diet,1,Purcell1981b_feeding
,Rosacea cymbiformis,adult,Mollusc diet,1,Purcell1981b_feeding
,Rosacea cymbiformis,adult,Gelatinous diet,0,Purcell1981b_feeding
,Rosacea cymbiformis,adult,Amphipod diet,0,Purcell1981b_feeding
,Rosacea cymbiformis,adult,Decapod diet,0,Purcell1981b_feeding
,Rosacea cymbiformis,adult,Ostracod diet,0,Purcell1981b_feeding
,Rosacea cymbiformis,adult,Chaetognath diet,0,Purcell1981b_feeding
,Rosacea cymbiformis,adult,Fish diet,0,Purcell1981b_feeding
,Rosacea cymbiformis,adult,Mollusc diet,0,Purcell1981b_feeding
,Rosacea cymbiformis,adult,Crustacean diet,1,Purcell1981b_feeding
,Rhizophysa eyesenhardti,adult,Crustacean diet,0,Purcell1981b_feeding
,Agalma elegans,adult,Crustacean diet,1,Purcell1981b_feeding
,Agalma okeni,adult,Crustacean diet,1,Purcell1981b_feeding
,Apolemia uvaria,adult,Crustacean diet,1,Purcell1981b_feeding
,Athorybia rosacea,adult,Crustacean diet,1,Purcell1981b_feeding
,Cordagalma ordinatum,adult,Crustacean diet,1,Purcell1981b_feeding
,Nanomia bijuga,adult,Crustacean diet,1,Purcell1981b_feeding
,Abyla trigona,adult,Crustacean diet,1,Purcell1981b_feeding
,Bassia bassensis,adult,Crustacean diet,1,Purcell1981b_feeding
,Chelophyes appendiculata,adult,Crustacean diet,1,Purcell1981b_feeding
,Diphyes dispar,adult,Crustacean diet,1,Purcell1981b_feeding
,Hippopodius hippopus,adult,Crustacean diet,1,Purcell1981b_feeding
,Sphaeronectes koellikeri,adult,Crustacean diet,1,Purcell1981b_feeding
,Sulculeolaria quadrivalvis,adult,Crustacean diet,1,Purcell1981b_feeding
,Sulculeolaria biloba,adult,Crustacean diet,1,Purcell1981b_feeding
,Sulculeolaria chuni,adult,Crustacean diet,1,Purcell1981b_feeding
,Sulculeolaria monoica,adult,Crustacean diet,1,Purcell1981b_feeding
,Sulculeolaria turgida,adult,Crustacean diet,1,Purcell1981b_feeding
,Muggiaea atlantica,adult,Crustacean diet,1,Purcell1981b_feeding
,Sulculeolaria turgida,adult,Copepod diet,1,Purcell1981b_feeding
,Sulculeolaria turgida,adult,Ostracod diet,0,Purcell1981b_feeding
,Sulculeolaria turgida,adult,Decapod diet,0,Purcell1981b_feeding
,Sulculeolaria turgida,adult,Amphipod diet,0,Purcell1981b_feeding
,Sulculeolaria turgida,adult,Gelatinous diet,0,Purcell1981b_feeding
,Sulculeolaria turgida,adult,Mollusc diet,0,Purcell1981b_feeding
,Sulculeolaria turgida,adult,Fish diet,0,Purcell1981b_feeding
,Sulculeolaria turgida,adult,Chaetognath diet,1,Purcell1981b_feeding
,Sulculeolaria quadrivalvis,adult,Copepod diet,1,Purcell1981b_feeding
,Sulculeolaria quadrivalvis,adult,Ostracod diet,0,Purcell1981b_feeding
,Sulculeolaria quadrivalvis,adult,Decapod diet,0,Purcell1981b_feeding
,Sulculeolaria quadrivalvis,adult,Amphipod diet,0,Purcell1981b_feeding
,Sulculeolaria quadrivalvis,adult,Gelatinous diet,0,Purcell1981b_feeding
,Sulculeolaria quadrivalvis,adult,Mollusc diet,0,Purcell1981b_feeding
,Sulculeolaria quadrivalvis,adult,Fish diet,0,Purcell1981b_feeding
,Sulculeolaria quadrivalvis,adult,Chaetognath diet,0,Purcell1981b_feeding
,Sulculeolaria quadrivalvis,adult,Amphipod diet,1,Purcell1981b_feeding
,Sulculeolaria quadrivalvis,adult,Mollusc diet,1,Purcell1981b_feeding
,Sulculeolaria quadrivalvis,adult,Fish diet,1,Purcell1981b_feeding
,Sulculeolaria quadrivalvis,adult,Chaetognath diet,1,Purcell1981b_feeding
,Rhizophysa eyesenhardti,adult,Gut contents,Fish larvae,Purcell1981b_feeding
,Bathyphysa sibogae,adult,Gut contents,Fish larvae,Purcell1981b_feeding
,Rhizophysa filiformis,adult,Gut contents,Fish larvae,Purcell1981b_feeding
,Agalma elegans,adult,Gut contents,Decapod shrimps,Purcell1981b_feeding
,Agalma elegans,adult,Gut contents,Copepod,Purcell1981b_feeding
,Agalma elegans,adult,Gut contents,Fish larvae,Purcell1981b_feeding
,Agalma okeni,adult,Gut contents,Fish larvae,Purcell1981b_feeding
,Agalma okeni,adult,Gut contents,Copepod,Purcell1981b_feeding
,Agalma okeni,adult,Gut contents,Decapod shrimps,Purcell1981b_feeding
,Apolemia uvaria,adult,Gut contents,Copepod,Purcell1981b_feeding
,Apolemia uvaria,adult,Gut contents,Fish larvae,Purcell1981b_feeding
,Apolemia uvaria,adult,Gut contents,Decapod shrimps,Purcell1981b_feeding
,Apolemia uvaria,adult,Gut contents,Decapod larvae,Purcell1981b_feeding
,Apolemia uvaria,adult,Gut contents,Chaetognaths,Purcell1981b_feeding
,Athorybia rosacea,adult,Gut contents,Copepod,Purcell1981b_feeding
,Athorybia rosacea,adult,Gut contents,Chaetognaths,Purcell1981b_feeding
,Athorybia rosacea,adult,Gut contents,Fish larvae,Purcell1981b_feeding
,Cordagalma ordinatum,adult,Gut contents,Copepod,Purcell1981b_feeding
,Cordagalma ordinatum,adult,Gut contents,Ostracod,Purcell1981b_feeding
,Nanomia bijuga,adult,Gut contents,Copepod,Purcell1981b_feeding
,Nanomia bijuga,adult,Gut contents,Decapod larvae,Purcell1981b_feeding
,Nanomia bijuga,adult,Gut contents,Decapod shrimps,Purcell1981b_feeding
,Nanomia bijuga,adult,Gut contents,Chaetognaths,Purcell1981b_feeding
,Abyla trigona,adult,Gut contents,Copepod,Purcell1981b_feeding
,Bassia bassensis,adult,Gut contents,Copepod,Purcell1981b_feeding
,Chelophyes appendiculata,adult,Gut contents,Copepod,Purcell1981b_feeding
,Chelophyes appendiculata,adult,Gut contents,Ostracod,Purcell1981b_feeding
,Diphyes dispar,adult,Gut contents,Copepod,Purcell1981b_feeding
,Diphyes dispar,adult,Gut contents,Amphipod,Purcell1981b_feeding
,Diphyes dispar,adult,Gut contents,Ostracod,Purcell1981b_feeding
,Diphyes dispar,adult,Gut contents,Decapod shrimps,Purcell1981b_feeding
,Hippopodius hippopus,adult,Gut contents,Ostracod,Purcell1981b_feeding
,Muggiaea atlantica,adult,Gut contents,Copepod,Purcell1981b_feeding
,Rosacea cymbiformis,adult,Gut contents,Copepod,Purcell1981b_feeding
,Rosacea cymbiformis,adult,Gut contents,Amphipod,Purcell1981b_feeding
,Rosacea cymbiformis,adult,Gut contents,Ostracod,Purcell1981b_feeding
,Rosacea cymbiformis,adult,Gut contents,Decapod shrimps,Purcell1981b_feeding
,Rosacea cymbiformis,adult,Gut contents,Chaetognaths,Purcell1981b_feeding
,Rosacea cymbiformis,adult,Gut contents,Fish larvae,Purcell1981b_feeding
,Sphaeronectes koellikeri,adult,Gut contents,Copepod,Purcell1981b_feeding
,Sulculeolaria biloba,adult,Gut contents,Copepod,Purcell1981b_feeding
,Sulculeolaria chuni,adult,Gut contents,Copepod,Purcell1981b_feeding
,Sulculeolaria monoica,adult,Gut contents,Copepod,Purcell1981b_feeding
,Sulculeolaria turgida,adult,Gut contents,Copepod,Purcell1981b_feeding
,Sulculeolaria turgida,adult,Gut contents,Chaetognaths,Purcell1981b_feeding
,Sulculeolaria quadrivalvis,adult,Gut contents,Copepod,Purcell1981b_feeding
,Sulculeolaria quadrivalvis,adult,Gut contents,Fish larvae,Purcell1981b_feeding
,Sulculeolaria quadrivalvis,adult,Gut contents,Chaetognaths,Purcell1981b_feeding
,Sulculeolaria quadrivalvis,adult,Gut contents,Amphipod,Purcell1981b_feeding
,Agalma okeni,adult,Diel feeding,Nocturnal,Purcell1981b_feeding
,Rhizophysa eyesenhardti,adult,Diel feeding,Diurnal,Purcell1981b_feeding
,Bathyphysa sibogae,adult,Diel feeding,0,Purcell1981b_feeding
,Rhizophysa filiformis,adult,Diel feeding,Diurnal,Purcell1981b_feeding
,Rosacea cymbiformis,adult,Diel feeding,Diurnal,Purcell1981b_feeding
,Athorybia rosacea,adult,Diel feeding,0,Purcell1981b_feeding
,Sphaeronectes koellikeri,adult,Haploneme type,Holotrichous anisorhizas,Purcell1984
,Hippopodius hippopus,adult,Haploneme type,Holotrichous anisorhizas,Purcell1984
,Rosacea cymbiformis,adult,Haploneme type,Holotrichous anisorhizas,Purcell1984
,Stephanophyes superba,adult,Haploneme type,Homotrichous isorhizas(?),Purcell1984
,Chelophyes appendiculata,adult,Haploneme type,Holotrichous anisorhizas,Purcell1984
,Sulculeolaria quadrivalvis,adult,Haploneme type,Holotrichous anisorhizas,Purcell1984
,Sulculeolaria monoica,adult,Haploneme type,Holotrichous anisorhizas,Purcell1984
,Diphyes dispar,adult,Haploneme type,Homotrichous isorhizas(?),Purcell1984
,Bassia bassensis,adult,Haploneme type,Holotrichous anisorhizas,Purcell1984
,Abylopsis tetragona,adult,Haploneme type,Holotrichous anisorhizas,Purcell1984
,Abyla trigona,adult,Haploneme type,Holotrichous anisorhizas,Purcell1984
,Sulculeolaria quadrivalvis,adult,Terminal filament haplonemes,1,Purcell1984
,Sulculeolaria monoica,adult,Terminal filament haplonemes,1,Purcell1984
,Sulculeolaria quadrivalvis,adult,Terminal filament haploneme type,Holotrichous isorhizas(?),Purcell1984
,Sulculeolaria monoica,adult,Terminal filament haploneme type,Holotrichous isorhizas(?),Purcell1984
,Physophora hydrostatica,adult,Cnidoband shape,Loosely coiled,Purcell1984
,Physophora hydrostatica,adult,Haploneme type,Holotrichous anisorhizas,Purcell1984
,Agalma clausi,adult,Haploneme type,Holotrichous anisorhizas,Purcell1984
,Agalma elegans,adult,Haploneme type,Holotrichous anisorhizas,Purcell1984
,Cordagalma ordinatum,adult,Haploneme type,Holotrichous anisorhizas,Purcell1984
,Athorybia rosacea,adult,Heteroneme shape,Oval,Purcell1984
,Cordagalma ordinatum,adult,Heteroneme shape,Oval,Purcell1984
,Physophora hydrostatica,adult,Heteroneme shape,Oval,Purcell1984
,Nanomia bijuga,adult,Heteroneme shape,Oval,Purcell1984
,Athorybia rosacea,adult,Heteroneme type,Stenoteles,Purcell1984
,Cordagalma ordinatum,adult,Heteroneme type,Stenoteles,Purcell1984
,Physophora hydrostatica,adult,Heteroneme type,Stenoteles,Purcell1984
,Nanomia bijuga,adult,Heteroneme type,Stenoteles,Purcell1984
,Agalma clausi,adult,Heteroneme type,Microbasic mastigophores,Purcell1984
,Agalma elegans,adult,Heteroneme type,Microbasic mastigophores,Purcell1984
,Agalma clausi,adult,Rhopaloneme type,Acrophores,Purcell1984
,Agalma elegans,adult,Rhopaloneme type,Acrophores,Purcell1984
,Physalia physalis,adult,Haploneme type,Atrichous isorhizas,Purcell1984
,Bathyphysa sibogae,adult,Haploneme type,Atrichous isorhizas,Purcell1984
,Rhizophysa filiformis,adult,Haploneme type,Atrichous isorhizas,Purcell1984
,Rhizophysa eyesenhardti,adult,Haploneme type,Atrichous isorhizas,Purcell1984
,Physalia physalis,adult,Tentacle haploneme disposition,Bands,Purcell1984
,Physalia physalis,adult,Gut contents,Fish larvae,Purcell1984
,Physalia physalis,adult,Gut contents,Cephalopods,Purcell1984
,Physalia physalis,adult,Gut contents,Chaetognaths,Purcell1984
,Physalia physalis,adult,Gut contents,Fish,Purcell1984
,Agalma okeni,adult,Tentilla lure resemblance,Copepods,Purcell1984
,Athorybia rosacea,adult,Tentilla lure resemblance,Fish larvae,Purcell1984
,Nanomia cara,adult,Cnidoband fluorescence,1,Purcell1984
,Nanomia bijuga,adult,Cnidoband fluorescence,0,Purcell1984
,Agalma okeni,adult,Cnidoband fluorescence,0,Purcell1984
,Agalma elegans,adult,Cnidoband fluorescence,0,Purcell1984
,Athorybia lucida,adult,Tentilla lure resemblance,Appendicularia,Purcell1984
,Physophora hydrostatica,adult,Tentilla vibration,1,Purcell1984
,Agalma elegans,adult,Rhopaloneme type,Anacrophores,Russel1938
,Muggiaea atlantica,adult,Haploneme type,Atrichous anisorhizas,Russell1939
,Agalma elegans,adult,Heteroneme type,Microbasic mastigophores,Russell1940
,Agalma elegans,adult,Haploneme type,Homotrichous anisorhizas,Russell1940
,Agalma elegans,adult,Terminal nematocyst type,Microbasic euryteles,Russell1940
,Agalma elegans,adult,Rhopaloneme type,Anacrophores,Russell1940
,Muggiaea atlantica,adult,Heteroneme type,Microbasic mastigophores,Russell1940
,Muggiaea atlantica,adult,Haploneme type,Atrichous isorhizas,Russell1940
,Muggiaea atlantica,adult,Rhopaloneme type,Anacrophores,Russell1940
,Apolemia lanosa,adult,Tentilla,0,Siebert2013_Apolemia
,Apolemia lanosa,adult,Side branches,0,Siebert2013_Apolemia
,Apolemia rubriversa,adult,Side branches,0,Siebert2013_Apolemia
,Apolemia uvaria,adult,Side branches,0,Siebert2013_Apolemia
,Apolemia rubriversa,adult,Tentilla,0,Siebert2013_Apolemia
,Apolemia uvaria,adult,Tentilla,0,Siebert2013_Apolemia
,Apolemia lanosa,adult,Gastrozooid color,Deep red,Siebert2013_Apolemia
,Apolemia lanosa,adult,Basigaster shape,Ring,Siebert2013_Apolemia
,Apolemia lanosa,adult,Hepatic stripes,1,Siebert2013_Apolemia
,Apolemia lanosa,adult,Gastrozooid heteroneme type,Stenoteles,Siebert2013_Apolemia
,Apolemia lanosa,adult,Gastrozooid heteroneme type,Microbasic mastigophores,Siebert2013_Apolemia
,Apolemia lanosa,adult,Gastrozooid haploneme type,Isorhizas(?),Siebert2013_Apolemia
,Apolemia lanosa,adult,Heteroneme type,Microbasic eurytele,Siebert2013_Apolemia
,Apolemia rubriversa,adult,Gastrozooid color,Deep red,Siebert2013_Apolemia
,Apolemia rubriversa,adult,Gastrozooid haploneme type,Holotrichous(?) isorhizas,Siebert2013_Apolemia
,Apolemia rubriversa,adult,Gastrozooid heteroneme type,Stenoteles,Siebert2013_Apolemia
,Apolemia rubriversa,adult,Heteroneme shape,Ovoid,Siebert2013_Apolemia
,Apolemia rubriversa,adult,Gastrozooid haploneme shape,Spherical,Siebert2013_Apolemia
,Apolemia rubriversa,adult,Heteroneme type,Unknown,Siebert2013_Apolemia
,Apolemia lanosa,adult,Gastrozooid haploneme shape,Spherical,Siebert2013_Apolemia
,Apolemia uvaria,adult,Heteroneme type,Birhopaloids,Siebert2013_Apolemia
,Chelophyes ?appendiculata,adult,Terminal filament nematocyst arrangement,1Desmonemes,2Rhopalonemes,Skaer1988_patterns
,Abylopsis ?tetragona,adult,Terminal filament nematocyst arrangement,1Desmonemes,2Rhopalonemes,Skaer1988_patterns
,Forskalia ?edwardsi,adult,Terminal filament nematocyst arrangement,2Desmonemes2Rhopalonemes,Skaer1988_patterns
,Hippopodius hippopus,adult,Terminal filament nematocyst arrangement,2Desmonemes2Rhopalonemes,Skaer1988_patterns
,Chelophyes ?appendiculata,adult,Heteroneme position,Lateral,Skaer1988_patterns
,Abylopsis ?tetragona,adult,Heteroneme position,Lateral,Skaer1988_patterns
,Physophora ?hydrostatica,adult,Heteroneme type,Microbasic mastigophores,Skaer1988_patterns
,Forskalia ?edwardsi,adult,Desmoneme shape,Spherical,Skaer1988_patterns
,Forskalia ?edwardsi,adult,Rhopaloneme shape,Elongate,Skaer1988_patterns
,Abylopsis ?tetragona,adult,Desmoneme shape,Ovoid,Skaer1988_patterns
,Abylopsis ?tetragona,adult,Rhopaloneme shape,Elongate,Skaer1988_patterns
,Physophora hydrostatica,adult,Tentilla lure resemblance,Copepods,Wrobel_Jellieszone
,Physophora hydrostatica,adult,Tentacle jigging,1,Wrobel_Jellieszone